,Numbers and their operations,Ratio and proportion,Percentage,Rate and speed,Algebraic,expressions and formulae,Functions and graphs,Equations and inequalities,Matrices,Set language and notation,"Angles, triangles and polygons",Congruence and similarity,Properties of circles,Pythagoras' theorem and trigonometry,Mensuration,Coordinate geometry,Vectors in two dimensions,Data handling and analysis,Probability,Student_id,Result
0,2,1,1,1,1,1,4,3,4,3,3,1,3,1,2,5,2,2,2,1,42
1,2,4,4,2,2,4,2,1,1,2,2,2,2,3,4,3,3,4,1,2,48
2,2,3,2,4,2,2,1,2,2,4,2,3,2,1,4,5,2,3,2,3,48
3,4,1,3,4,3,4,1,1,4,2,1,2,1,1,3,5,5,5,3,4,53
4,2,2,2,2,2,2,1,4,4,3,3,2,1,2,2,1,4,3,5,5,47
5,1,1,4,4,1,1,4,4,4,2,1,3,2,3,2,1,5,1,1,6,45
6,1,2,1,1,2,4,2,3,2,2,4,4,3,2,2,4,2,5,1,7,47
7,1,4,3,4,2,1,3,1,2,3,1,4,3,4,3,4,4,3,3,8,53
8,1,4,3,4,4,4,3,2,1,2,4,1,4,4,5,5,2,5,1,9,59
9,3,1,4,4,1,4,1,2,2,3,2,1,2,2,3,3,4,2,2,10,46
10,2,4,2,1,3,2,3,2,2,4,4,4,3,3,3,4,4,3,5,11,58
11,1,2,1,2,2,1,4,1,4,1,3,4,2,1,4,4,4,5,3,12,49
12,3,2,2,4,3,2,1,1,2,2,3,1,1,1,4,4,5,3,5,13,49
13,3,3,3,1,3,4,3,2,2,3,4,4,3,4,5,2,4,5,5,14,63
14,2,2,1,3,4,3,2,2,2,2,1,4,2,2,1,5,1,3,3,15,45
15,3,4,4,1,4,3,3,2,3,2,2,3,2,3,2,2,1,4,3,16,51
16,2,1,2,4,3,4,3,1,1,1,4,2,3,2,2,5,3,4,3,17,50
17,4,4,3,1,1,4,2,2,1,2,3,3,4,2,4,3,2,3,5,18,53
18,2,3,2,2,3,3,4,3,1,3,2,3,4,3,1,2,2,2,1,19,46
19,1,2,1,4,3,2,1,4,3,4,1,4,2,1,2,2,3,2,2,20,44
20,2,1,2,1,4,4,3,1,3,4,2,1,3,4,4,3,4,2,5,21,53
21,1,4,3,1,3,3,3,3,4,1,3,2,4,3,1,3,5,1,5,22,53
22,4,1,1,3,2,2,3,4,3,3,1,1,3,4,4,2,2,5,3,23,51
23,1,4,2,4,1,2,4,3,3,4,3,4,4,4,4,3,3,1,1,24,55
24,4,1,1,4,1,3,3,3,2,1,1,4,3,2,2,2,3,3,3,25,46
25,2,2,2,2,2,4,2,4,4,2,3,1,4,2,2,2,1,4,2,26,47
26,3,3,2,2,3,4,1,4,3,2,1,4,3,1,5,1,3,5,1,27,51
27,3,3,4,1,1,1,4,2,2,1,3,4,3,3,5,1,5,3,5,28,54
28,3,3,3,2,2,4,2,3,1,1,2,2,2,3,4,2,2,2,1,29,44
29,3,4,1,2,2,2,3,3,4,2,3,1,3,1,4,3,2,5,1,30,49
30,3,2,4,3,4,4,4,1,1,4,4,1,4,3,3,1,3,4,5,31,58
31,4,3,2,3,2,3,2,3,2,2,2,2,3,2,4,3,2,4,2,32,50
32,4,2,2,1,3,1,1,4,1,1,3,4,3,1,4,4,1,4,5,33,49
33,3,2,2,1,1,2,4,2,1,2,3,1,2,3,1,1,4,3,2,34,40
34,3,1,2,4,1,2,4,2,3,1,3,2,1,3,2,1,1,1,4,35,41
35,1,1,4,2,2,4,3,1,1,3,3,4,2,4,4,1,4,5,2,36,51
36,2,2,4,1,3,1,2,3,1,1,2,4,3,3,1,4,4,1,1,37,43
37,1,4,3,2,4,2,3,1,3,3,1,2,4,2,4,2,3,2,1,38,47
38,3,2,3,1,4,1,1,3,1,2,4,2,2,1,1,4,1,5,1,39,42
39,4,1,2,4,1,2,4,1,1,2,1,4,4,1,5,3,3,3,2,40,48
40,3,1,4,2,4,3,3,4,4,4,1,2,2,3,5,1,2,2,5,41,55
41,2,3,1,3,2,3,1,2,4,1,3,2,3,1,1,2,5,4,3,42,46
42,4,4,1,2,3,1,1,3,2,4,2,2,2,1,3,5,1,2,2,43,45
43,4,1,2,4,2,2,2,1,1,2,2,2,3,4,5,3,2,2,3,44,47
44,2,1,3,2,4,2,4,2,3,1,1,4,2,3,2,5,1,4,5,45,51
45,1,3,3,4,4,1,4,1,3,4,1,1,3,1,1,3,3,4,2,46,47
46,4,3,3,1,1,2,1,2,4,3,3,4,1,2,2,3,4,4,5,47,52
47,4,1,3,2,3,2,1,1,1,3,2,3,3,2,3,2,5,4,1,48,46
48,2,4,1,1,4,2,2,2,3,1,1,3,4,3,5,4,1,2,1,49,46
49,1,4,2,4,1,2,1,3,4,4,3,1,4,4,3,3,2,1,5,50,52
50,1,1,2,2,3,3,3,4,1,4,2,3,4,4,2,3,1,1,5,51,49
51,1,1,2,2,1,2,3,2,1,3,1,2,3,3,3,4,2,1,5,52,42
52,4,1,1,1,3,1,1,3,2,1,4,4,3,1,3,1,3,5,5,53,47
53,3,2,2,2,1,3,2,4,3,1,1,1,1,2,3,2,4,2,5,54,44
54,2,3,3,3,4,1,4,3,3,1,1,1,3,3,3,2,3,2,5,55,50
55,3,2,4,1,4,2,3,3,1,1,2,1,3,1,1,2,1,3,2,56,40
56,3,3,3,3,1,2,3,3,4,4,1,1,1,4,3,1,3,4,1,57,48
57,2,2,3,1,3,3,4,3,4,3,4,3,1,3,4,3,4,4,1,58,55
58,4,3,2,4,2,4,4,3,3,3,3,3,4,2,3,5,2,3,2,59,59
59,4,2,3,2,4,1,3,2,2,2,2,1,1,4,5,2,1,5,4,60,50
60,2,3,4,2,1,4,3,1,4,4,4,1,3,4,1,3,5,4,5,61,58
61,3,3,2,4,1,2,1,4,2,1,3,2,4,3,3,1,1,2,1,62,43
62,1,4,1,2,1,3,3,2,4,3,4,4,2,2,4,4,5,3,1,63,53
63,4,2,1,3,2,1,2,3,4,4,3,2,4,1,4,5,1,3,1,64,50
64,3,2,2,2,1,4,3,4,4,1,2,1,2,2,5,2,1,3,3,65,47
65,4,3,1,2,4,1,4,2,1,2,1,1,2,3,1,2,4,2,1,66,41
66,4,1,3,2,1,2,4,1,2,3,4,2,2,2,2,5,3,5,3,67,51
67,1,1,1,3,2,4,3,4,4,2,2,2,2,2,3,1,5,2,3,68,47
68,4,4,3,2,3,2,1,2,3,4,4,1,3,4,2,1,3,1,5,69,52
69,4,4,2,4,3,2,2,1,4,2,2,2,2,1,4,5,5,3,3,70,55
70,4,3,3,1,4,2,3,1,4,1,2,3,1,3,2,5,1,4,3,71,50
71,1,2,1,2,2,1,3,4,4,4,2,1,3,1,1,5,5,2,1,72,45
72,4,3,4,4,3,1,3,3,1,2,1,1,4,1,1,5,3,3,3,73,50
73,4,1,4,2,4,3,3,4,4,4,1,2,3,1,4,1,1,4,2,74,52
74,4,1,4,1,3,2,2,4,2,4,1,1,1,1,1,3,2,1,3,75,41
75,1,3,2,1,3,2,4,1,3,4,4,3,4,3,4,5,2,2,1,76,52
76,1,3,2,4,3,3,4,2,3,1,1,2,3,1,5,2,3,3,2,77,48
77,1,3,4,3,3,1,3,3,4,2,3,1,2,4,2,4,3,1,2,78,49
78,2,4,1,1,2,4,4,2,4,2,2,1,4,1,2,4,4,1,5,79,50
79,1,2,2,3,1,4,4,3,1,2,4,1,4,4,5,3,5,1,1,80,51
80,2,1,3,1,1,4,3,4,3,1,4,4,3,3,2,4,1,4,3,81,51
81,4,4,2,2,2,4,3,3,3,3,2,3,3,1,2,5,4,2,4,82,56
82,2,3,4,2,4,3,1,3,1,4,3,1,2,1,1,1,4,2,4,83,46
83,4,3,1,2,1,1,1,4,3,3,4,4,2,1,2,3,5,4,4,84,52
84,4,1,1,4,2,2,2,3,1,2,1,2,2,4,3,4,3,5,2,85,48
85,4,1,2,2,3,1,4,1,1,2,1,2,1,2,1,1,2,3,1,86,35
86,1,1,3,3,1,3,2,3,4,1,4,1,2,4,3,5,1,3,3,87,48
87,3,3,2,2,2,1,3,3,3,1,3,3,1,1,5,3,2,1,4,88,46
88,1,2,2,4,3,4,1,2,3,1,2,2,1,3,4,3,5,1,5,89,49
89,2,4,1,3,1,2,4,3,3,3,3,4,2,1,4,5,5,2,5,90,57
90,4,4,3,1,3,3,3,4,1,3,1,4,3,1,2,2,3,2,5,91,52
91,3,3,2,4,3,4,1,4,1,4,3,4,4,3,5,2,2,3,3,92,58
92,2,1,1,2,4,4,3,3,2,3,4,3,4,2,2,1,3,3,1,93,48
93,1,3,2,4,1,2,1,2,4,4,1,3,3,3,5,1,5,2,5,94,52
94,1,2,4,2,2,4,1,3,3,3,1,2,3,4,1,3,3,5,3,95,50
95,1,4,1,4,2,1,3,4,1,4,1,1,2,2,5,2,5,1,2,96,46
96,3,1,4,1,1,3,4,3,2,3,3,2,1,3,2,3,1,5,3,97,48
97,4,3,4,1,4,1,1,3,4,3,3,2,2,1,3,2,1,2,5,98,49
98,2,2,3,2,2,3,1,1,2,2,3,2,3,2,1,3,4,4,5,99,47
99,4,4,4,3,4,2,2,3,4,4,2,2,3,2,1,2,5,5,4,100,60
100,3,3,1,2,1,1,4,3,3,4,2,3,1,4,2,5,1,3,3,101,49
101,1,4,4,4,2,4,4,3,4,4,3,2,3,2,2,3,4,5,5,102,63
102,3,4,1,1,1,3,4,4,4,4,3,4,3,1,5,1,3,5,1,103,55
103,1,4,1,1,3,4,2,3,2,2,2,2,2,3,2,5,2,5,3,104,49
104,1,4,3,1,3,1,2,3,3,3,4,3,3,1,3,2,4,2,3,105,49
105,2,2,3,1,2,4,3,2,2,1,1,4,3,2,3,5,1,1,5,106,47
106,2,1,4,2,3,4,1,3,4,2,2,4,3,1,2,1,5,4,2,107,50
107,1,4,3,2,4,3,2,1,3,4,3,4,2,4,3,2,2,4,1,108,52
108,3,3,2,1,1,1,3,4,2,2,3,3,3,3,2,2,5,3,1,109,47
109,1,2,1,2,2,3,4,3,1,3,1,1,1,2,4,4,2,1,2,110,40
110,2,3,3,3,4,2,3,1,3,3,1,3,4,2,2,1,5,2,1,111,48
111,1,1,2,1,1,4,3,4,4,3,3,3,2,4,4,2,5,5,4,112,56
112,4,4,1,1,4,3,2,1,3,3,4,1,3,4,3,3,4,1,2,113,51
113,4,3,2,3,1,1,1,2,2,3,4,3,2,2,5,1,2,3,4,114,48
114,3,2,2,3,3,2,1,4,3,2,4,2,2,1,2,5,5,1,5,115,52
115,4,1,4,2,1,3,3,3,4,1,3,2,2,2,3,2,2,3,1,116,46
116,4,2,1,4,3,1,2,4,4,4,1,4,1,1,5,3,1,4,2,117,51
117,2,3,2,2,2,4,4,3,3,1,3,2,3,4,4,5,5,5,5,118,62
118,3,2,4,4,1,1,3,3,3,1,1,1,4,4,2,5,3,3,3,119,51
119,3,3,1,3,3,3,2,3,4,4,1,1,1,3,5,3,2,1,5,120,51
120,1,1,3,2,4,2,4,4,4,1,1,3,1,2,3,3,3,3,4,121,49
121,4,2,4,4,3,3,1,3,1,3,3,3,1,1,3,1,3,2,4,122,49
122,2,2,2,2,2,4,1,3,2,3,4,1,4,3,4,5,1,2,3,123,50
123,1,3,1,2,3,3,2,2,4,2,1,2,1,3,2,2,1,3,3,124,41
124,2,3,1,1,4,4,4,2,2,3,3,4,4,1,4,1,1,5,3,125,52
125,4,4,3,4,1,1,2,3,4,4,2,4,1,4,2,4,1,3,3,126,54
126,2,1,3,2,1,1,3,2,1,4,4,1,4,3,2,2,4,3,1,127,44
127,1,3,3,4,3,3,4,4,1,2,3,2,3,4,5,5,4,3,3,128,60
128,4,1,3,3,1,4,1,2,1,3,1,2,4,4,4,4,5,4,2,129,53
129,1,4,2,3,1,3,2,1,1,2,3,2,3,4,5,2,5,2,4,130,50
130,2,3,1,2,4,2,3,2,3,4,4,4,2,4,5,1,1,1,3,131,51
131,4,1,1,3,1,4,4,1,1,2,1,3,3,3,2,5,4,2,4,132,49
132,1,4,4,4,1,2,3,4,3,4,1,1,1,3,1,4,3,3,4,133,51
133,1,1,4,3,1,4,4,4,4,2,3,1,2,4,1,3,2,2,2,134,48
134,4,4,4,4,2,2,1,1,2,2,1,2,4,4,3,1,2,3,2,135,48
135,2,2,4,1,1,3,3,4,1,2,1,1,3,4,5,2,5,2,5,136,51
136,1,4,1,3,2,1,1,4,2,4,3,1,1,3,2,2,1,5,3,137,44
137,2,4,3,2,4,4,2,2,2,3,4,2,4,4,4,5,1,2,5,138,59
138,4,4,3,2,2,1,4,2,4,3,2,4,3,1,4,3,3,5,1,139,55
139,1,2,1,1,1,3,1,1,4,4,3,4,1,1,1,2,4,1,1,140,37
140,4,3,3,4,3,4,1,4,3,3,3,4,2,3,1,2,4,3,2,141,56
141,3,3,1,2,4,4,4,3,1,1,3,2,2,2,4,4,2,3,4,142,52
142,1,1,3,1,2,3,4,3,4,4,4,1,2,1,3,4,4,3,5,143,53
143,2,3,1,4,1,4,1,1,3,3,1,3,2,3,5,1,4,5,3,144,50
144,4,2,3,1,1,4,4,3,2,2,2,1,3,3,2,1,2,5,1,145,46
145,1,2,1,3,4,4,1,2,4,3,3,2,1,1,1,1,5,2,1,146,42
146,3,3,2,4,4,3,2,3,4,4,1,3,4,4,1,1,3,2,5,147,56
147,3,2,2,1,2,3,3,4,2,4,1,1,4,4,5,4,4,3,1,148,53
148,1,4,2,4,1,2,2,4,1,2,4,2,2,3,1,3,1,4,1,149,44
149,1,3,4,2,3,3,3,2,4,2,4,3,4,4,1,5,4,2,5,150,59
150,3,4,2,4,3,3,3,1,1,1,2,2,1,1,4,1,1,5,2,151,44
151,2,4,2,4,1,1,3,3,1,1,1,2,4,4,5,1,5,4,2,152,50
152,4,1,4,1,4,4,1,2,1,4,1,1,1,4,3,1,1,5,3,153,46
153,3,2,3,4,3,2,2,1,4,4,4,2,3,2,2,4,2,3,5,154,55
154,3,4,4,2,4,2,3,2,2,4,3,1,3,2,1,2,5,3,2,155,52
155,3,2,4,4,4,2,2,1,3,3,4,4,1,4,1,2,1,4,1,156,50
156,1,2,3,3,1,2,1,4,4,3,2,4,3,4,1,4,4,5,3,157,54
157,3,3,1,3,2,4,2,1,4,1,2,3,3,2,1,1,1,4,5,158,46
158,4,2,3,2,1,1,4,3,3,1,4,4,1,2,5,4,4,1,2,159,51
159,4,2,3,4,3,2,3,4,3,3,2,3,1,4,1,4,3,3,1,160,53
160,4,2,3,3,4,1,3,1,1,1,2,3,3,1,4,2,3,4,3,161,48
161,3,4,4,4,4,1,2,3,4,3,1,3,3,3,1,2,2,5,3,162,55
162,4,3,3,2,4,4,1,3,3,3,3,2,1,2,3,4,4,3,5,163,57
163,4,4,3,4,2,4,4,2,4,1,4,2,4,4,1,4,2,3,1,164,57
164,4,4,4,2,4,1,2,3,1,1,1,1,4,3,4,1,1,1,4,165,46
165,4,3,1,1,4,3,2,1,4,4,3,4,1,2,5,5,4,3,3,166,57
166,1,3,2,2,4,4,4,4,3,1,3,1,4,2,3,1,2,1,3,167,48
167,4,4,3,2,2,4,1,2,2,3,3,1,1,3,3,1,1,2,3,168,45
168,1,2,4,4,4,3,3,2,3,1,3,3,1,3,1,3,1,4,2,169,48
169,3,2,3,2,1,4,2,1,2,1,1,1,4,4,3,5,1,1,2,170,43
170,3,4,3,4,1,1,1,4,2,3,4,3,3,3,4,5,5,1,1,171,55
171,4,3,2,1,1,3,1,1,1,4,1,4,3,2,5,4,3,2,1,172,46
172,3,4,2,1,4,4,4,1,1,2,2,2,2,4,2,1,3,1,4,173,47
173,2,4,1,1,3,4,1,1,4,2,4,1,4,2,2,5,2,1,4,174,48
174,1,3,4,3,4,3,3,4,3,1,2,4,4,2,3,3,5,5,2,175,59
175,4,3,1,4,3,2,1,3,1,3,2,1,2,1,5,5,4,4,3,176,52
176,3,3,2,1,2,1,1,1,2,4,3,2,4,2,4,3,1,5,5,177,49
177,3,4,4,4,2,4,3,2,1,1,2,1,2,4,2,4,2,4,3,178,52
178,2,4,1,2,3,1,1,1,1,1,1,2,3,2,2,1,2,4,4,179,38
179,1,1,4,3,3,4,2,1,4,2,2,3,3,3,5,1,5,2,3,180,52
180,3,4,2,3,1,2,3,1,4,1,4,2,4,1,1,1,4,2,4,181,47
181,2,3,2,2,1,3,4,4,4,1,1,4,3,4,3,2,2,5,5,182,55
182,4,1,1,4,2,4,2,3,3,1,3,4,3,1,2,5,4,2,5,183,54
183,2,2,2,1,4,4,4,4,2,1,3,2,2,1,5,4,3,2,1,184,49
184,2,2,1,2,3,2,4,4,1,3,4,1,3,3,3,3,1,2,2,185,46
185,2,3,4,3,4,4,1,2,2,2,3,3,3,2,3,3,3,4,3,186,54
186,1,3,3,1,2,3,4,4,3,4,2,3,3,3,5,2,3,2,2,187,53
187,4,1,3,1,3,4,4,2,3,2,3,4,1,2,5,3,1,1,2,188,49
188,3,2,1,1,1,2,3,4,4,3,4,3,1,1,3,5,5,5,3,189,54
189,2,4,1,1,1,3,1,4,3,4,2,1,1,2,4,5,1,3,5,190,48
190,4,3,3,4,4,3,4,3,1,2,4,3,2,3,5,5,2,1,5,191,61
191,3,2,4,2,2,1,4,3,3,3,4,2,4,1,5,5,1,2,5,192,56
192,4,2,1,4,2,3,4,2,4,2,4,1,4,2,5,4,5,3,2,193,58
193,3,2,3,2,3,2,1,2,4,3,3,1,1,1,2,5,3,1,4,194,46
194,4,3,3,1,1,4,4,4,2,4,2,3,2,1,2,5,2,1,1,195,49
195,4,4,2,1,1,2,3,1,1,3,1,1,3,2,2,4,3,4,4,196,46
196,2,4,1,2,2,3,1,3,3,2,1,1,1,3,1,4,1,3,3,197,41
197,2,2,4,1,1,3,4,1,3,4,1,4,3,4,5,2,2,1,3,198,50
198,2,3,2,2,2,1,4,4,1,4,3,1,3,2,4,5,5,4,1,199,53
199,4,1,1,2,4,3,3,3,3,1,2,4,4,1,3,2,3,3,5,200,52
200,4,1,2,3,2,4,2,2,2,1,1,2,1,4,2,2,5,1,5,201,46
201,3,3,1,1,2,3,3,2,3,1,2,2,1,2,2,2,2,2,4,202,41
202,1,3,4,1,3,2,4,1,1,1,1,2,4,3,4,1,2,3,3,203,44
203,3,1,3,1,4,3,2,3,4,1,1,4,4,2,4,1,2,4,1,204,48
204,4,2,3,3,4,3,4,2,4,3,1,1,2,1,2,2,2,5,1,205,49
205,4,2,3,3,2,2,4,1,2,3,3,4,4,1,1,2,2,3,2,206,48
206,4,3,3,3,3,1,3,3,1,4,2,1,3,1,4,1,4,3,3,207,50
207,1,4,2,1,3,1,2,4,3,4,2,4,3,4,2,5,5,2,1,208,53
208,2,4,1,3,2,2,3,3,3,2,1,3,1,2,2,5,2,2,1,209,44
209,1,3,3,4,3,2,1,4,4,2,4,3,1,2,5,1,4,4,5,210,56
210,1,2,3,3,4,2,4,1,4,1,3,3,3,3,4,4,2,5,2,211,54
211,2,4,3,4,3,1,3,4,4,4,2,3,1,3,3,2,5,3,5,212,59
212,3,3,1,3,4,4,3,3,1,2,2,4,4,1,1,2,2,3,1,213,47
213,1,4,3,4,3,4,2,1,1,1,4,4,2,3,3,2,4,2,5,214,53
214,4,2,1,2,4,3,1,1,4,4,1,3,3,4,3,1,3,3,2,215,49
215,3,3,2,1,1,2,3,4,4,1,2,4,3,4,3,4,5,1,1,216,51
216,2,3,4,3,1,1,1,1,4,3,4,4,1,4,1,3,5,1,5,217,51
217,4,1,1,3,2,2,3,3,2,2,4,2,1,4,1,4,5,1,1,218,46
218,3,2,2,2,1,4,2,1,1,3,3,2,1,2,3,1,1,5,1,219,40
219,1,1,4,2,1,4,4,4,3,2,4,1,3,1,1,4,1,4,1,220,46
220,1,4,4,2,2,2,2,2,1,1,1,2,3,4,4,3,1,4,2,221,45
221,3,1,1,1,1,3,3,2,1,4,3,4,1,3,4,2,2,1,3,222,43
222,4,1,4,2,4,3,2,1,4,3,2,3,4,4,5,4,5,4,5,223,64
223,3,3,2,4,4,1,4,4,2,1,3,4,1,1,4,2,3,4,5,224,55
224,2,2,4,1,3,3,4,3,1,3,4,3,3,2,3,2,4,3,4,225,54
225,1,4,1,4,3,3,3,1,4,1,2,2,1,3,4,3,4,4,4,226,52
226,2,4,2,3,3,2,3,3,2,3,2,2,4,3,1,5,5,5,5,227,59
227,4,3,2,2,3,2,4,3,4,2,1,4,2,4,1,3,1,2,5,228,52
228,3,2,2,2,3,1,3,2,1,2,2,2,2,3,2,1,2,2,5,229,42
229,1,1,1,1,1,3,3,4,2,2,3,3,4,2,3,3,3,4,5,230,49
230,3,3,1,4,3,4,4,2,2,3,3,3,3,3,3,4,4,1,3,231,56
231,2,4,1,3,3,3,2,2,4,2,3,1,2,2,2,2,5,3,5,232,51
232,1,4,2,4,4,1,4,2,1,4,1,1,1,1,5,5,2,4,1,233,48
233,1,2,2,4,2,1,4,1,1,1,3,3,2,2,2,2,5,3,4,234,45
234,3,3,1,2,3,4,3,2,4,2,1,1,4,2,5,1,1,2,1,235,45
235,3,1,2,3,2,4,4,1,3,2,4,4,1,2,4,1,1,2,5,236,49
236,4,4,3,1,4,3,3,1,4,2,1,3,1,3,3,2,4,2,3,237,51
237,1,3,1,1,4,4,3,2,4,2,4,4,4,4,3,2,4,1,3,238,54
238,1,2,3,3,1,1,4,2,2,1,1,2,1,1,2,2,5,5,5,239,44
239,1,1,3,4,3,4,1,1,1,2,4,4,2,3,3,1,5,3,1,240,47
240,3,2,3,4,2,2,4,3,2,2,2,1,3,1,4,4,3,3,2,241,50
241,1,2,3,4,3,3,1,4,2,3,2,4,1,2,5,4,5,5,4,242,58
242,2,2,2,1,3,1,1,3,4,2,1,4,4,2,2,5,5,4,2,243,50
243,3,4,2,3,2,4,2,4,4,4,3,1,3,3,4,1,3,5,1,244,56
244,4,4,4,3,4,3,2,3,4,4,2,4,4,1,3,4,3,5,3,245,64
245,4,4,3,2,4,1,3,2,2,2,1,1,2,2,2,5,4,5,5,246,54
246,1,1,4,4,4,1,2,4,4,3,4,3,3,4,3,5,4,5,3,247,62
247,3,1,1,3,2,2,2,3,1,3,4,3,2,4,2,5,3,5,1,248,50
248,1,3,3,3,2,4,1,4,1,2,3,1,1,4,3,2,1,5,4,249,48
249,1,1,3,2,3,1,3,4,1,3,4,1,2,3,2,1,2,5,2,250,44
250,4,4,1,4,1,3,2,2,4,4,2,1,1,3,2,3,4,4,3,251,52
251,2,1,3,4,4,1,3,1,2,1,1,1,2,1,3,2,2,5,3,252,42
252,2,4,4,2,1,3,4,4,4,1,3,4,3,4,3,3,3,4,3,253,59
253,2,4,1,4,1,4,4,2,1,4,3,1,4,3,3,4,4,3,4,254,56
254,1,4,3,2,2,3,2,1,4,4,1,2,3,1,3,4,4,3,2,255,49
255,4,3,1,2,2,4,3,1,2,3,4,4,3,3,1,4,5,2,2,256,53
256,2,4,2,3,4,2,3,3,4,1,2,3,4,3,5,1,3,1,5,257,55
257,4,4,3,1,1,1,2,3,1,3,2,3,4,3,4,1,3,1,1,258,45
258,1,3,3,1,1,1,3,3,1,1,2,1,1,2,1,3,2,1,2,259,33
259,2,2,3,3,4,4,2,1,1,1,1,4,1,1,5,3,2,2,3,260,45
260,4,4,1,1,3,3,4,4,3,2,1,3,2,4,5,1,5,5,5,261,60
261,1,1,3,4,1,2,2,4,4,2,4,1,2,4,1,2,5,3,4,262,50
262,2,1,3,4,1,3,2,4,1,2,1,1,4,2,3,2,1,1,3,263,41
263,1,1,4,2,4,4,4,1,1,4,3,3,1,4,5,3,1,4,1,264,51
264,3,4,2,4,1,2,4,4,2,1,4,2,2,1,3,4,5,1,5,265,54
265,4,3,1,1,3,2,2,1,3,4,1,3,4,1,3,2,4,2,4,266,48
266,3,1,4,1,4,1,1,4,2,3,2,1,2,4,4,1,4,3,2,267,47
267,2,2,3,4,4,1,4,1,4,3,1,1,3,1,3,3,3,2,3,268,48
268,2,1,1,2,2,4,3,1,1,4,3,2,3,3,3,2,4,3,2,269,46
269,3,2,1,3,3,4,4,3,4,1,3,4,2,2,3,5,5,4,1,270,57
270,1,1,3,3,2,2,3,1,4,1,3,1,2,4,3,4,1,1,2,271,42
271,3,1,1,2,3,1,3,3,1,4,3,4,4,4,5,2,4,2,1,272,51
272,1,4,2,1,1,2,4,4,3,1,4,4,4,3,3,3,1,4,4,273,53
273,4,4,1,1,3,4,3,2,4,1,3,4,1,4,4,2,3,3,3,274,54
274,1,1,2,3,4,3,1,2,4,2,1,1,1,1,2,4,5,1,2,275,41
275,3,2,1,4,3,1,3,1,4,3,4,1,3,1,1,3,4,1,4,276,47
276,4,1,1,3,2,2,4,1,2,4,2,4,4,4,4,2,2,2,2,277,50
277,2,3,4,4,1,1,4,1,1,2,4,3,2,1,4,5,2,3,1,278,48
278,1,3,3,1,4,4,1,3,4,3,3,3,1,4,2,1,2,1,4,279,48
279,2,3,2,1,3,2,4,3,2,1,2,3,4,3,4,1,2,1,3,280,46
280,2,4,1,2,2,2,4,3,3,2,1,2,2,2,4,2,3,4,3,281,48
281,4,1,4,1,3,2,3,1,4,4,4,3,3,1,4,2,4,5,3,282,56
282,1,1,1,1,1,4,3,4,1,1,1,1,3,4,2,5,4,5,4,283,47
283,2,2,3,2,4,3,1,3,3,2,4,3,2,4,1,5,3,2,1,284,50
284,4,2,4,4,4,3,4,2,2,2,1,3,3,4,4,3,5,1,5,285,60
285,4,4,1,2,4,3,3,2,1,3,2,1,1,1,2,1,4,4,3,286,46
286,4,3,1,1,3,4,4,1,4,4,2,4,3,4,1,2,3,5,4,287,57
287,2,2,1,4,4,2,2,4,2,4,4,1,3,3,2,4,3,5,5,288,57
288,3,2,2,2,4,1,2,1,3,3,1,1,2,2,1,2,3,1,3,289,39
289,1,4,2,3,2,4,4,2,2,3,2,4,2,1,3,1,4,3,1,290,48
290,3,4,1,1,3,2,2,3,3,1,4,1,2,4,4,5,5,4,4,291,56
291,3,3,4,3,3,1,3,1,3,3,1,2,1,1,2,1,3,2,5,292,45
292,1,3,1,4,4,4,4,1,3,3,3,2,2,4,5,1,2,4,2,293,53
293,1,2,3,1,4,2,2,2,3,4,4,4,1,3,5,1,1,4,3,294,50
294,3,4,4,3,3,2,4,4,3,3,2,2,3,4,5,3,3,3,5,295,63
295,2,1,2,4,2,3,4,2,4,3,2,1,4,3,3,5,1,1,4,296,51
296,2,2,3,2,1,3,2,1,3,2,2,4,4,4,2,3,3,3,1,297,47
297,3,2,2,1,1,4,4,4,3,4,1,3,4,4,2,4,2,3,1,298,52
298,1,3,3,3,2,3,3,2,3,2,3,3,3,2,4,2,5,4,2,299,53
299,2,1,2,4,2,2,3,2,2,2,3,1,1,1,4,2,1,1,2,300,38
300,4,4,2,2,3,2,2,2,1,3,1,1,4,3,1,2,1,3,1,301,42
301,2,2,2,3,1,4,2,3,4,2,1,4,1,1,2,2,4,1,4,302,45
302,4,3,3,3,3,3,1,1,2,4,4,2,2,3,2,5,5,3,3,303,56
303,4,1,1,4,1,4,1,2,3,4,2,2,4,3,1,5,4,4,1,304,51
304,4,2,2,3,1,1,4,4,3,3,4,2,2,3,4,2,3,5,3,305,55
305,3,4,4,4,4,2,3,3,1,2,4,3,1,2,2,5,2,5,4,306,58
306,3,1,1,3,2,2,3,3,1,3,3,3,3,4,5,2,4,2,4,307,52
307,4,3,1,4,4,3,3,4,1,2,4,4,3,1,2,1,5,2,4,308,55
308,1,2,1,3,1,3,2,4,3,1,2,4,1,4,5,3,1,3,1,309,45
309,1,2,3,2,1,1,2,1,1,1,2,2,2,2,1,3,5,1,4,310,37
310,3,3,3,2,1,1,3,2,1,3,4,2,1,4,5,4,1,3,2,311,48
311,1,3,2,3,2,1,2,4,1,1,1,4,1,2,5,2,1,3,1,312,40
312,1,2,4,4,2,1,4,3,3,4,3,4,1,2,1,2,1,5,5,313,52
313,1,4,1,4,2,4,2,3,3,4,3,2,4,1,3,2,1,2,4,314,50
314,1,1,3,1,2,2,2,1,3,2,3,4,1,2,2,4,1,5,1,315,41
315,2,4,4,3,2,4,4,2,1,1,1,2,1,3,2,3,3,5,1,316,48
316,4,4,1,3,2,3,1,1,1,1,4,1,4,2,4,3,2,2,5,317,48
317,1,3,2,3,2,3,4,1,1,1,4,2,1,1,5,3,4,5,4,318,50
318,4,4,2,2,1,3,3,2,1,4,1,2,4,1,5,2,2,1,5,319,49
319,3,1,3,2,2,3,4,1,1,4,3,2,1,2,5,1,1,1,5,320,45
320,1,3,4,3,1,3,4,2,4,4,2,4,1,1,2,5,1,1,1,321,47
321,4,1,3,3,3,4,1,4,2,3,1,4,1,4,2,2,4,4,3,322,53
322,1,1,1,4,2,2,4,1,1,2,2,1,1,2,4,4,3,3,5,323,44
323,3,1,1,2,1,1,2,2,2,3,4,3,2,4,2,2,3,2,2,324,42
324,2,2,3,1,3,3,2,3,1,1,3,2,3,2,3,3,5,4,2,325,48
325,3,1,1,3,2,4,4,1,4,2,4,4,4,2,1,3,5,5,2,326,55
326,3,3,3,2,4,3,3,1,3,1,4,3,3,1,4,5,3,2,4,327,55
327,2,1,2,1,1,3,3,1,3,1,4,2,4,1,4,2,3,2,2,328,42
328,2,2,3,3,4,1,4,3,2,4,2,2,1,2,5,3,5,5,1,329,54
329,3,3,3,3,1,4,3,2,4,4,1,4,4,2,3,1,2,4,5,330,56
330,1,4,4,1,3,1,3,2,3,4,2,1,1,2,1,2,3,1,2,331,41
331,1,1,2,4,1,4,4,2,2,1,4,2,1,4,3,5,2,5,5,332,53
332,2,1,3,4,4,1,4,4,2,2,3,4,1,2,1,5,5,2,3,333,53
333,4,4,2,2,3,3,2,3,1,1,2,1,3,2,3,1,2,1,1,334,41
334,2,4,3,4,4,1,3,2,4,2,4,2,2,3,1,2,4,5,5,335,57
335,4,4,3,1,1,4,4,2,4,2,1,3,2,1,2,1,2,5,5,336,51
336,3,3,2,4,4,2,3,2,3,3,3,1,4,4,5,4,2,1,2,337,55
337,2,2,4,4,3,2,3,3,4,2,2,2,4,3,3,3,1,1,4,338,52
338,4,1,3,2,2,3,2,3,2,2,2,3,2,4,3,1,3,4,1,339,47
339,4,4,4,3,4,4,1,1,4,2,1,1,1,1,5,4,2,4,1,340,51
340,2,2,4,3,4,2,1,1,3,4,3,3,1,2,4,3,4,4,2,341,52
341,4,1,1,2,3,1,1,1,1,4,1,2,3,4,3,3,4,4,2,342,45
342,2,3,2,4,1,4,4,3,4,3,3,1,2,4,2,3,3,5,4,343,57
343,2,3,2,1,3,4,3,1,3,1,2,2,3,4,3,3,4,3,4,344,51
344,1,3,2,4,3,2,2,3,2,2,4,1,2,2,4,2,4,4,1,345,48
345,1,1,4,2,1,4,2,1,4,1,1,4,3,3,3,1,3,1,5,346,45
346,2,1,3,1,2,1,2,4,3,4,3,2,3,2,3,3,1,1,5,347,46
347,2,3,4,4,1,3,1,3,2,2,2,4,2,2,5,2,1,4,2,348,49
348,2,4,1,3,4,3,1,3,3,2,1,2,2,4,3,4,5,4,5,349,56
349,4,1,4,3,1,1,1,2,3,3,2,4,1,2,4,4,4,2,1,350,47
350,2,2,4,4,1,3,2,3,2,1,2,4,4,2,4,4,4,2,4,351,54
351,2,4,3,2,1,1,1,3,4,2,2,4,2,2,5,4,4,4,5,352,55
352,4,1,2,1,2,4,2,3,1,4,1,3,2,3,3,4,5,5,5,353,55
353,4,3,1,3,3,3,1,3,3,4,4,4,1,1,1,3,4,1,3,354,50
354,3,1,2,2,3,3,3,1,3,4,3,1,2,3,5,4,4,4,2,355,53
355,3,1,4,3,4,3,4,1,1,3,4,1,2,3,3,4,2,4,3,356,53
356,2,2,2,4,3,2,1,1,4,4,4,4,3,1,1,1,4,5,3,357,51
357,4,3,4,1,4,4,2,4,2,1,3,2,2,1,3,1,3,3,3,358,50
358,4,3,4,4,4,1,4,2,2,2,1,1,3,1,1,4,5,2,3,359,51
359,1,1,4,1,3,1,3,3,1,2,1,3,1,4,1,4,2,2,3,360,41
360,4,2,2,3,2,4,3,1,3,1,1,3,3,2,3,5,1,5,3,361,51
361,1,2,3,1,4,1,1,2,4,2,4,2,3,4,1,1,5,3,4,362,48
362,1,4,2,3,3,3,3,4,1,4,3,3,3,4,2,4,2,5,2,363,56
363,3,2,2,3,3,1,3,1,4,2,2,3,2,2,3,3,1,5,1,364,46
364,4,4,4,2,4,2,3,1,3,1,3,1,4,2,1,5,2,3,2,365,51
365,2,2,3,3,2,4,2,2,4,2,1,1,4,3,1,2,2,2,5,366,47
366,4,2,2,2,1,3,3,1,4,1,1,2,3,2,5,1,1,4,2,367,44
367,4,4,4,2,2,4,3,3,1,2,2,1,3,2,5,1,1,3,5,368,52
368,2,4,1,4,4,2,2,3,2,4,1,1,1,3,5,4,1,4,5,369,53
369,1,1,3,1,3,1,2,1,2,1,3,4,4,3,3,5,2,5,5,370,50
370,3,4,1,3,2,4,2,2,4,4,2,2,4,2,2,1,3,2,5,371,52
371,3,4,1,1,4,1,1,2,3,4,3,1,1,3,1,2,5,5,5,372,50
372,4,4,2,4,1,3,1,2,2,1,1,4,4,1,3,5,5,2,1,373,50
373,3,4,1,3,3,3,2,4,2,1,4,1,4,1,4,5,1,1,2,374,49
374,4,4,1,2,3,3,3,4,1,3,1,4,4,4,3,1,1,5,4,375,55
375,2,2,1,1,2,3,2,1,4,2,1,2,3,1,4,3,5,3,1,376,43
376,4,2,2,4,3,4,4,3,4,2,1,2,3,4,5,2,1,4,4,377,58
377,3,2,3,2,1,3,2,2,2,2,1,1,1,3,5,3,4,5,2,378,47
378,2,1,1,1,2,4,3,2,3,1,2,3,4,3,3,1,4,5,5,379,50
379,2,2,2,4,2,4,1,2,2,4,3,4,4,4,5,4,3,1,3,380,56
380,4,1,1,1,3,3,2,4,4,1,4,4,3,3,2,4,2,4,1,381,51
381,1,4,3,1,4,1,1,4,2,4,4,4,4,3,2,4,1,2,4,382,53
382,2,1,4,2,1,1,1,4,4,1,3,3,2,1,2,5,3,2,2,383,44
383,4,4,3,1,1,3,4,3,3,4,1,4,1,1,1,3,5,2,1,384,49
384,1,1,3,1,3,3,1,1,1,3,3,4,1,3,3,5,4,4,5,385,50
385,1,4,3,4,1,4,4,3,2,2,4,3,1,4,3,1,5,1,4,386,54
386,4,1,4,2,3,3,2,4,4,1,3,4,4,2,1,4,4,1,3,387,54
387,4,2,3,2,1,4,1,2,3,1,1,4,4,2,3,3,1,5,5,388,51
388,1,2,1,3,4,2,2,1,4,4,1,2,3,1,1,1,5,2,3,389,43
389,3,1,1,1,4,4,1,1,1,2,4,1,3,3,3,5,4,4,1,390,47
390,4,1,2,2,2,3,1,2,2,2,4,1,3,4,5,2,2,5,1,391,48
391,2,3,4,2,3,1,2,2,1,4,2,3,1,1,4,3,4,3,3,392,48
392,2,4,4,4,4,2,2,3,2,3,2,1,4,2,5,1,2,5,5,393,57
393,2,2,1,1,1,4,4,2,4,3,3,1,1,4,4,1,5,2,1,394,46
394,4,4,3,3,1,3,1,2,2,2,1,3,3,1,1,4,3,3,3,395,47
395,4,3,2,2,4,1,1,1,4,1,4,3,3,1,4,3,2,2,4,396,49
396,3,1,2,4,4,2,3,3,4,2,4,1,4,2,5,5,4,2,3,397,58
397,1,1,3,2,4,2,1,4,1,1,2,3,2,3,4,5,3,1,1,398,44
398,2,1,4,4,3,2,4,4,1,4,4,3,1,2,3,3,2,1,5,399,53
399,1,2,1,1,3,4,1,2,3,4,3,1,1,4,3,2,5,4,1,400,46
400,1,4,1,3,1,4,2,4,3,4,3,2,2,4,3,5,5,1,3,401,55
401,1,1,1,1,1,3,2,3,3,1,2,4,3,4,1,3,3,5,4,402,46
402,4,2,2,1,2,4,1,3,1,1,3,4,4,2,3,4,2,5,5,403,53
403,4,2,2,4,2,3,1,2,2,2,3,4,3,2,4,2,5,5,2,404,54
404,4,2,4,3,1,3,3,4,2,3,3,4,1,1,4,5,4,4,3,405,58
405,1,3,4,3,4,3,2,2,1,2,4,2,4,4,3,3,2,2,2,406,51
406,4,3,1,4,4,3,4,4,2,2,1,3,3,4,4,1,3,2,3,407,55
407,4,2,3,4,1,1,2,2,4,1,4,2,2,1,4,3,4,3,5,408,52
408,1,4,2,4,4,4,2,3,3,4,1,1,3,3,4,4,2,2,2,409,53
409,3,3,1,1,3,4,1,2,3,3,4,3,1,2,3,5,5,5,3,410,55
410,2,3,3,3,2,3,2,2,3,4,3,3,1,2,4,2,5,1,4,411,52
411,4,3,3,3,3,3,4,1,4,4,3,2,1,3,5,1,5,3,2,412,57
412,1,1,2,4,3,4,2,3,3,2,4,1,1,2,2,4,4,1,3,413,47
413,3,4,1,3,2,1,3,1,1,3,4,3,2,1,5,4,3,2,2,414,48
414,2,4,4,2,1,1,4,3,2,4,2,4,4,1,1,2,5,3,4,415,53
415,1,2,3,4,1,2,1,1,4,4,3,2,3,4,1,2,4,5,4,416,51
416,4,1,2,4,2,2,1,2,1,4,1,4,1,4,5,3,1,3,2,417,47
417,3,2,2,2,2,3,3,4,1,2,3,1,1,3,3,3,5,2,1,418,46
418,4,3,3,2,3,3,4,3,4,3,2,4,3,2,3,2,1,4,2,419,55
419,3,1,3,4,1,4,2,1,2,3,4,2,2,4,3,5,2,2,2,420,50
420,3,2,4,2,1,3,3,1,1,4,2,4,4,4,1,3,5,2,1,421,50
421,3,4,4,2,2,1,1,1,2,1,4,3,1,1,4,1,3,3,5,422,46
422,2,2,1,3,4,2,1,3,3,2,2,4,2,1,3,2,1,5,4,423,47
423,1,1,4,3,3,1,3,2,2,1,4,3,4,1,1,5,5,5,3,424,52
424,3,4,3,2,1,4,4,2,4,2,2,4,1,4,3,3,5,4,1,425,56
425,1,1,4,1,3,3,2,1,2,1,2,2,4,4,1,3,2,4,5,426,46
426,4,2,2,2,1,3,3,2,2,2,1,3,2,4,1,2,2,2,1,427,41
427,1,4,1,3,2,1,1,1,3,3,3,1,3,4,2,2,5,2,4,428,46
428,1,4,1,4,2,3,4,1,3,3,4,3,4,4,4,4,2,3,1,429,55
429,4,2,2,4,4,1,1,3,4,4,3,2,4,4,5,2,1,5,3,430,58
430,2,1,3,2,3,3,1,3,3,4,4,3,2,3,4,3,5,2,1,431,52
431,2,4,3,4,3,1,1,2,1,3,3,4,4,2,4,3,1,3,1,432,49
432,4,1,1,3,1,3,2,1,2,3,1,3,4,2,3,1,2,4,1,433,42
433,2,4,1,3,2,4,4,4,4,2,3,4,4,1,5,3,3,4,3,434,60
434,4,2,2,2,4,4,4,3,3,3,2,4,2,4,3,1,2,1,1,435,51
435,1,4,1,2,1,2,3,3,3,1,2,3,2,4,2,2,2,3,1,436,42
436,2,3,3,4,3,2,1,1,4,3,3,3,4,4,1,1,4,3,3,437,52
437,3,2,1,1,1,4,2,2,3,4,1,2,3,3,5,2,3,3,3,438,48
438,1,3,4,1,4,2,2,3,4,4,4,1,1,1,3,3,2,4,2,439,49
439,4,3,1,2,4,1,2,2,1,2,1,2,1,3,1,1,4,5,5,440,45
440,3,4,3,4,4,4,2,3,3,2,1,2,1,1,2,4,1,1,2,441,47
441,2,3,4,1,3,4,4,3,1,1,1,4,2,4,1,1,4,3,3,442,49
442,2,2,3,4,4,3,1,3,4,3,3,1,1,3,4,3,3,4,3,443,54
443,4,3,4,4,1,2,3,1,1,1,3,4,1,4,4,5,4,3,4,444,56
444,2,4,2,2,1,1,3,1,2,3,4,3,3,3,4,1,5,5,1,445,50
445,4,1,4,4,3,4,4,4,4,1,4,3,4,4,4,3,1,5,1,446,62
446,3,1,4,3,3,3,4,3,1,4,2,2,1,4,5,4,3,4,3,447,57
447,2,3,4,4,1,3,1,2,4,1,2,1,4,2,1,2,5,2,2,448,46
448,1,4,3,4,2,4,4,4,2,1,3,4,4,4,2,1,3,5,3,449,58
449,4,2,3,3,1,3,3,4,3,2,3,4,4,2,5,5,4,4,4,450,63
450,3,1,1,2,1,4,1,4,1,3,1,2,3,1,1,1,1,3,3,451,37
451,1,1,4,4,1,2,4,4,3,3,3,3,4,4,4,2,3,4,1,452,55
452,3,1,3,2,3,3,1,4,3,2,2,1,4,2,5,5,2,2,1,453,49
453,4,3,2,1,2,1,1,4,1,1,4,4,3,1,3,5,3,2,2,454,47
454,3,1,1,4,3,2,3,2,2,2,2,1,2,3,4,1,4,4,5,455,49
455,1,1,3,1,3,1,2,4,2,2,2,2,1,1,2,3,5,5,4,456,45
456,3,4,1,1,4,2,1,4,3,4,3,4,3,2,2,4,3,1,2,457,51
457,2,1,4,3,3,1,4,3,3,1,1,3,2,4,3,4,3,2,3,458,50
458,4,1,3,3,1,1,1,1,2,1,2,2,4,1,5,1,2,1,2,459,38
459,1,2,3,3,3,1,4,1,3,3,1,4,1,1,5,3,4,2,3,460,48
460,4,2,4,2,4,3,1,2,1,2,2,1,3,2,3,4,3,2,4,461,49
461,2,2,4,2,2,4,4,3,1,3,4,3,1,4,4,4,5,2,5,462,59
462,2,4,3,2,4,4,3,1,3,2,4,3,2,4,3,3,2,2,2,463,53
463,2,3,3,1,2,2,2,3,2,2,2,4,4,4,5,3,3,5,5,464,57
464,3,4,3,2,1,4,3,3,4,2,2,4,1,1,4,3,2,4,4,465,54
465,4,3,1,4,3,1,3,1,1,2,3,3,2,3,4,2,5,2,1,466,48
466,1,4,4,2,2,1,4,3,3,1,4,3,1,3,1,3,4,3,2,467,49
467,2,3,3,3,1,3,4,3,1,4,3,1,3,1,5,1,1,5,1,468,48
468,4,1,2,4,2,4,3,2,3,3,4,3,4,4,4,5,5,5,4,469,66
469,1,4,3,2,3,3,4,3,2,2,4,4,3,1,3,4,5,3,4,470,58
470,4,2,2,1,2,1,1,1,4,4,1,3,2,2,3,4,1,2,4,471,44
471,3,4,4,4,3,2,1,2,3,2,3,2,4,3,5,5,1,2,2,472,55
472,2,3,3,2,1,3,4,4,4,1,1,4,1,3,5,5,5,1,4,473,56
473,1,3,3,1,4,2,2,4,4,4,1,2,4,4,3,1,5,3,5,474,56
474,1,2,3,1,1,3,4,3,2,3,2,4,4,3,4,1,3,5,1,475,50
475,1,3,3,2,1,2,2,2,4,2,3,1,2,4,4,5,5,4,3,476,53
476,3,3,3,2,1,1,2,3,4,4,1,2,3,1,5,3,5,1,4,477,51
477,1,4,4,4,3,4,2,4,3,4,3,1,2,3,5,4,2,4,5,478,62
478,1,4,1,4,4,3,4,1,2,4,1,1,3,1,3,4,1,1,4,479,47
479,1,1,4,2,1,2,3,3,1,3,2,3,3,3,5,1,2,4,5,480,49
480,1,3,1,1,2,4,1,3,1,4,1,1,1,2,4,4,3,3,4,481,44
481,2,3,2,4,4,4,4,2,3,2,3,3,3,2,5,3,5,2,1,482,57
482,2,3,4,4,2,4,3,1,1,1,3,1,2,2,4,1,4,3,1,483,46
483,1,1,4,4,2,3,3,3,1,3,4,1,1,1,1,4,2,1,2,484,42
484,3,4,1,4,4,1,3,4,3,1,4,1,2,1,1,1,4,4,5,485,51
485,4,4,2,1,1,2,3,2,4,2,4,1,2,1,2,4,3,1,4,486,47
486,2,1,4,4,3,3,3,3,3,2,1,3,4,1,4,4,1,5,1,487,52
487,1,3,4,4,2,1,3,2,2,3,1,2,3,4,3,5,2,4,2,488,51
488,2,2,2,1,2,4,4,4,4,4,2,3,2,3,5,5,2,5,5,489,61
489,2,2,1,1,3,4,1,4,3,3,4,2,3,3,4,5,1,3,2,490,51
490,2,1,3,1,1,1,4,1,1,4,3,1,3,4,2,1,3,1,2,491,39
491,4,1,1,3,1,2,2,2,4,3,3,1,3,4,1,2,3,5,5,492,50
492,1,2,4,2,3,1,1,4,3,1,4,4,2,4,4,1,5,4,5,493,55
493,2,2,2,2,1,3,2,1,1,1,4,3,1,1,3,1,1,3,2,494,36
494,1,2,2,2,1,3,3,3,1,1,2,2,1,1,5,4,5,3,4,495,46
495,3,1,1,1,4,1,2,3,1,2,3,1,2,4,4,3,1,4,3,496,44
496,3,3,1,3,4,3,1,3,1,4,1,3,4,4,3,3,5,4,3,497,56
497,4,4,1,2,4,4,2,2,2,4,4,1,3,3,2,1,4,5,3,498,55
498,3,4,3,3,4,2,2,1,4,3,3,2,1,1,2,2,4,1,4,499,49
499,4,4,4,2,3,3,2,2,3,1,2,4,3,3,3,5,1,1,1,500,51
500,1,1,3,1,2,2,1,4,2,3,3,2,4,3,1,5,1,5,1,501,45
501,2,4,3,3,4,2,3,1,2,2,3,2,4,1,5,2,3,2,4,502,52
502,2,2,1,4,4,1,4,3,2,4,3,2,2,3,4,5,1,1,1,503,49
503,2,4,1,3,4,2,3,1,3,4,3,2,2,2,1,5,5,3,5,504,55
504,2,2,4,4,2,4,1,3,4,2,2,2,1,4,2,5,1,5,1,505,51
505,1,1,3,2,2,1,1,3,4,4,4,4,1,3,1,4,5,4,2,506,50
506,2,3,4,3,3,1,3,3,3,2,2,2,4,4,5,1,3,4,2,507,54
507,4,2,3,2,2,3,1,2,2,1,3,2,4,2,4,2,5,4,3,508,51
508,2,1,4,4,2,2,3,3,2,2,2,3,2,4,3,5,4,1,5,509,54
509,2,3,1,3,4,1,1,2,1,4,1,4,3,3,4,1,4,5,4,510,51
510,3,4,2,1,2,3,3,3,1,2,4,2,2,2,1,5,2,5,1,511,48
511,2,4,4,1,3,2,1,2,4,2,3,2,1,2,2,3,5,1,4,512,48
512,1,4,2,2,2,1,1,4,1,1,2,4,1,2,1,1,3,1,2,513,36
513,1,3,3,4,1,3,4,3,4,4,1,1,1,1,3,1,4,5,2,514,49
514,2,4,4,4,3,2,2,4,1,1,2,2,1,4,1,1,4,5,2,515,49
515,1,3,4,3,4,1,3,1,4,2,1,3,2,1,4,1,4,1,1,516,44
516,3,2,1,3,4,3,1,1,4,2,4,4,2,2,2,1,5,2,1,517,47
517,2,1,4,3,2,4,1,3,3,3,3,2,1,4,1,1,1,4,1,518,44
518,4,2,3,1,2,4,3,1,4,4,3,3,4,4,4,2,5,1,1,519,55
519,1,3,2,1,4,3,1,1,2,2,3,3,2,1,5,3,1,5,4,520,47
520,1,1,3,1,1,4,1,3,1,3,3,1,4,4,2,5,3,3,3,521,47
521,2,1,4,4,3,1,2,4,1,4,2,1,2,2,1,4,4,5,3,522,50
522,1,4,4,3,2,4,3,4,1,1,2,2,1,2,1,2,1,4,5,523,47
523,2,4,1,3,2,1,3,4,3,3,2,2,1,2,1,2,5,2,5,524,48
524,3,1,4,3,4,1,1,3,1,1,3,3,1,3,5,4,5,5,5,525,56
525,3,1,2,2,3,1,1,4,4,3,2,3,1,4,1,2,3,1,2,526,43
526,3,3,2,2,3,4,3,3,4,3,4,1,3,2,1,2,4,5,1,527,53
527,3,4,1,3,3,2,3,4,1,1,1,1,3,4,1,1,1,2,1,528,40
528,2,3,2,1,2,1,4,3,1,2,4,1,3,1,5,5,2,5,5,529,52
529,3,3,2,2,3,1,2,3,4,1,2,3,1,1,5,1,1,3,2,530,43
530,2,1,2,2,2,1,3,2,2,4,1,4,2,2,3,5,4,1,4,531,47
531,3,4,3,2,1,4,3,3,4,4,1,2,4,1,1,4,4,4,3,532,55
532,2,1,1,2,3,3,3,2,4,4,1,4,4,1,5,1,1,2,5,533,49
533,1,4,3,1,2,1,4,3,4,3,1,3,3,4,5,1,5,2,4,534,54
534,4,3,3,4,2,2,2,4,2,2,1,3,3,1,3,1,5,1,5,535,51
535,2,1,4,1,4,2,2,2,3,1,2,2,1,1,5,2,3,5,4,536,47
536,3,3,2,4,4,4,2,2,3,3,1,4,1,4,2,2,5,4,1,537,54
537,1,1,1,1,1,1,1,4,3,2,4,1,3,4,4,4,3,5,5,538,49
538,4,3,4,3,1,1,4,1,3,4,3,4,1,4,1,4,5,5,1,539,56
539,1,2,3,4,4,2,2,4,4,3,3,3,1,4,5,4,5,3,3,540,60
540,3,4,4,2,4,3,4,3,2,1,2,3,2,1,4,3,5,3,1,541,54
541,2,3,2,3,4,4,3,2,1,3,4,1,2,3,4,3,4,3,4,542,55
542,2,1,4,4,1,4,4,2,3,1,4,3,2,1,5,4,3,1,2,543,51
543,2,2,1,1,3,1,2,4,2,2,3,3,1,2,4,4,3,4,3,544,47
544,1,3,1,4,2,4,1,4,1,2,4,3,1,1,4,2,4,5,5,545,52
545,1,4,3,4,1,2,3,2,2,3,4,3,1,4,5,5,5,2,4,546,58
546,3,4,2,3,1,3,2,4,4,4,1,4,4,2,4,4,4,1,2,547,56
547,1,2,3,1,2,4,3,4,3,1,2,3,2,4,3,3,4,4,4,548,53
548,1,4,2,3,3,3,1,2,3,4,1,1,2,2,5,5,3,2,5,549,52
549,1,2,1,3,4,4,1,3,1,3,2,1,1,1,3,1,1,1,5,550,39
550,3,3,3,1,4,4,2,1,4,2,1,1,1,4,2,4,3,2,4,551,49
551,4,1,4,2,2,1,2,3,2,3,3,2,4,3,2,5,2,4,2,552,51
552,3,4,3,4,1,3,3,3,1,2,1,1,4,1,3,2,4,2,5,553,50
553,4,1,2,4,2,2,4,1,3,3,2,2,1,1,2,2,3,4,4,554,47
554,1,1,3,3,3,3,2,2,2,3,4,1,4,3,5,1,2,5,2,555,50
555,1,2,1,4,2,3,1,4,3,1,3,3,3,3,4,5,5,1,5,556,54
556,2,1,2,4,3,2,2,4,1,1,2,2,4,1,2,4,3,3,2,557,45
557,3,1,2,3,4,3,1,2,1,4,2,3,2,4,3,5,1,4,3,558,51
558,1,3,4,3,1,3,2,4,4,1,3,3,2,4,5,2,5,4,1,559,55
559,4,4,2,1,4,4,1,2,3,1,3,4,4,2,4,2,3,5,3,560,56
560,1,3,4,4,4,1,4,3,1,2,3,4,3,4,4,2,1,4,2,561,54
561,2,1,3,2,1,3,1,2,4,4,3,2,3,4,1,5,1,5,2,562,49
562,2,1,1,4,3,2,4,3,3,1,4,4,3,3,3,1,3,5,3,563,53
563,3,2,3,3,2,1,1,2,4,3,3,1,1,4,3,3,4,1,2,564,46
564,1,3,4,3,3,3,3,4,2,2,2,4,3,2,4,2,3,1,3,565,52
565,4,4,4,1,2,1,4,3,3,1,2,1,4,2,5,3,3,5,3,566,55
566,2,4,2,2,2,4,3,1,1,4,3,3,3,1,3,4,1,4,1,567,48
567,4,1,1,1,2,4,4,3,1,4,2,4,1,1,3,5,1,3,1,568,46
568,1,1,2,4,1,4,2,3,3,3,3,2,3,1,5,3,4,3,1,569,49
569,3,2,2,2,3,2,3,1,2,1,4,1,3,3,4,4,2,4,5,570,51
570,4,4,4,2,2,4,4,4,4,2,1,3,2,3,2,2,1,1,4,571,53
571,1,1,4,4,2,2,2,1,3,3,4,1,3,2,5,4,3,1,3,572,49
572,3,1,3,2,4,1,1,1,4,1,4,2,4,3,3,5,1,3,1,573,47
573,4,4,2,3,1,2,1,2,4,3,1,2,3,1,1,1,4,5,5,574,49
574,2,4,3,4,4,4,2,4,1,4,3,4,4,2,3,1,2,5,5,575,61
575,1,2,2,4,1,3,1,4,4,3,3,3,1,4,5,5,2,2,4,576,54
576,2,3,4,1,1,3,3,2,3,3,2,1,4,1,3,3,4,3,4,577,50
577,4,4,1,4,2,4,4,1,4,2,3,3,3,1,5,1,3,4,2,578,55
578,2,1,1,3,1,1,1,2,3,3,3,4,3,3,1,4,3,3,5,579,47
579,1,2,4,1,4,2,1,1,1,2,2,2,2,4,5,5,1,1,5,580,46
580,1,4,4,1,1,1,3,2,4,1,3,4,2,2,3,3,5,2,2,581,48
581,2,1,4,4,3,3,2,4,2,1,3,3,2,3,5,3,4,5,1,582,55
582,3,3,2,2,3,1,4,3,3,1,4,1,1,3,2,4,4,1,2,583,47
583,4,2,1,3,4,1,1,4,3,1,3,4,3,1,4,5,4,2,2,584,52
584,4,4,2,3,3,2,3,2,4,3,3,2,4,1,5,4,2,4,1,585,56
585,3,3,2,3,3,3,1,1,1,4,2,3,2,4,5,2,2,1,2,586,47
586,4,3,4,1,4,4,4,2,3,1,1,1,4,4,5,5,4,2,3,587,59
587,1,1,1,1,4,4,1,4,3,4,4,3,2,4,3,4,5,3,5,588,57
588,1,2,2,4,4,2,1,1,3,3,1,1,1,2,3,5,5,4,5,589,50
589,1,2,4,2,1,1,1,1,3,3,3,4,1,1,1,5,2,4,1,590,41
590,2,2,2,1,4,1,4,1,4,4,4,4,4,3,4,2,1,2,2,591,51
591,2,2,4,3,2,4,4,1,1,1,3,3,4,3,4,2,4,1,2,592,50
592,4,3,1,2,3,4,4,2,4,4,4,3,2,4,3,5,1,1,4,593,58
593,1,2,3,4,1,4,3,3,4,2,4,2,2,2,3,1,3,3,2,594,49
594,4,1,1,2,1,4,2,3,3,1,3,3,4,4,1,5,5,4,3,595,54
595,4,3,2,1,1,2,1,4,4,2,1,1,1,1,1,2,4,4,3,596,42
596,2,1,4,1,1,1,1,3,1,4,1,4,4,3,1,1,5,3,4,597,45
597,1,4,4,1,1,2,2,2,3,3,2,1,1,3,1,5,2,4,1,598,43
598,3,4,1,4,4,4,1,3,2,2,3,1,2,2,1,1,1,5,4,599,48
599,4,4,1,2,4,4,3,1,4,3,3,3,4,4,1,2,1,4,5,600,57
600,3,1,4,1,2,2,2,3,3,1,4,2,2,2,1,4,3,4,2,601,46
601,2,1,1,4,4,1,3,2,4,3,3,4,3,2,4,1,1,3,2,602,48
602,2,2,2,4,1,1,3,3,3,1,2,1,3,2,3,3,1,4,2,603,43
603,4,1,2,1,4,3,4,4,4,4,3,3,1,1,5,1,1,5,1,604,52
604,1,4,1,4,2,2,1,3,2,1,2,2,3,1,4,1,5,4,1,605,44
605,1,1,1,4,2,4,3,1,2,4,3,2,2,2,3,3,2,3,1,606,44
606,4,4,3,2,4,2,1,4,3,3,3,1,2,4,4,1,3,2,1,607,51
607,1,3,4,4,2,4,1,4,3,3,4,1,3,3,5,5,2,5,3,608,60
608,1,3,2,2,1,1,3,3,2,3,2,4,3,2,5,4,5,5,5,609,56
609,4,2,3,1,4,3,3,4,3,1,2,4,3,2,5,3,3,5,1,610,56
610,4,1,4,1,3,4,1,4,1,2,4,1,1,2,4,3,4,5,2,611,51
611,3,2,1,2,3,3,1,2,4,1,3,1,4,1,3,3,4,2,1,612,44
612,4,3,3,3,1,4,1,2,2,3,3,4,3,2,1,2,2,1,2,613,46
613,3,2,1,1,3,1,4,2,3,1,2,4,4,1,5,5,2,3,2,614,49
614,2,1,1,3,2,2,4,2,1,3,2,2,4,3,1,1,4,2,2,615,42
615,4,3,2,3,3,1,1,4,3,1,4,1,4,4,5,3,1,1,3,616,51
616,2,2,4,3,3,1,2,2,1,4,3,1,4,2,2,5,4,5,5,617,55
617,2,3,1,2,1,3,3,3,2,3,2,2,3,1,2,5,4,4,2,618,48
618,2,2,4,4,1,3,3,1,2,4,1,1,4,3,1,4,2,4,1,619,47
619,4,3,1,4,2,2,1,4,2,1,4,2,4,1,2,1,5,5,2,620,50
620,4,4,4,2,4,3,3,1,2,3,4,2,2,2,5,5,5,3,1,621,59
621,1,4,1,3,2,2,3,1,4,3,1,3,1,1,4,4,1,5,4,622,48
622,3,1,3,4,1,1,2,2,3,1,1,2,3,2,2,2,5,1,4,623,43
623,3,4,2,4,4,1,1,4,2,2,1,4,4,2,1,5,3,2,1,624,50
624,4,4,3,1,4,2,2,3,2,1,2,1,1,2,3,3,5,1,1,625,45
625,4,2,2,2,3,1,2,4,4,1,2,2,2,1,4,4,4,4,2,626,50
626,2,1,1,2,3,3,1,4,1,3,1,2,4,1,3,1,5,1,3,627,42
627,2,4,4,3,1,3,4,2,4,4,4,1,1,1,2,2,4,4,4,628,54
628,4,1,1,2,4,4,3,2,3,4,2,3,2,1,4,5,2,3,4,629,54
629,3,3,4,1,3,4,2,2,4,3,1,3,4,3,5,5,2,2,5,630,59
630,1,4,1,4,4,4,3,2,1,1,1,4,2,2,3,2,5,5,1,631,50
631,2,3,3,2,4,3,4,2,1,3,2,4,4,1,2,1,2,5,2,632,50
632,1,2,4,2,3,4,3,3,2,3,3,1,4,2,4,3,3,5,5,633,57
633,1,3,4,3,3,1,2,1,1,3,4,2,2,1,2,2,5,4,5,634,49
634,2,4,4,3,2,2,2,2,2,1,4,3,2,1,5,2,2,3,5,635,51
635,1,3,4,4,1,1,3,1,3,3,4,3,3,4,1,1,1,1,3,636,45
636,1,2,2,1,2,4,1,4,4,2,4,3,4,2,3,5,3,2,2,637,51
637,2,4,1,1,2,3,3,2,4,3,4,1,2,4,5,5,5,5,1,638,57
638,2,2,2,3,2,2,3,3,3,4,2,4,2,2,2,3,4,2,3,639,50
639,2,2,2,3,1,2,4,4,1,1,2,3,2,2,3,5,1,1,5,640,46
640,2,3,4,3,1,4,2,3,4,4,3,4,3,4,1,1,2,1,3,641,52
641,2,3,2,3,1,2,3,3,2,4,3,2,2,4,2,1,5,1,5,642,50
642,2,4,3,2,1,2,2,1,2,1,4,4,4,1,1,4,4,2,1,643,45
643,3,4,1,4,4,4,2,2,4,4,3,3,4,4,4,4,3,1,3,644,61
644,3,2,1,2,2,2,2,1,4,3,4,3,2,3,3,5,2,2,1,645,47
645,1,4,2,2,4,1,1,4,1,2,1,4,3,3,5,5,4,3,1,646,51
646,4,3,1,4,1,4,1,1,2,3,4,1,1,3,4,3,5,2,2,647,49
647,1,4,2,4,3,3,3,2,2,4,3,3,4,3,2,4,4,3,5,648,59
648,2,4,2,2,3,2,3,3,2,1,2,2,4,1,1,2,5,2,5,649,48
649,4,1,3,1,1,4,3,4,2,4,1,4,1,3,3,5,2,2,4,650,52
650,3,1,4,2,1,2,3,1,3,1,3,4,4,1,4,5,2,3,4,651,51
651,4,2,3,1,1,4,4,1,3,1,3,4,2,1,2,1,5,3,1,652,46
652,4,3,4,2,4,2,1,4,2,3,2,1,4,2,1,2,4,3,2,653,50
653,4,3,1,1,3,1,2,2,1,1,1,4,3,2,2,2,2,1,3,654,39
654,3,2,3,4,2,4,3,1,1,3,2,3,3,4,2,4,4,4,1,655,53
655,4,4,1,2,3,2,1,4,3,1,3,1,4,2,4,4,2,4,3,656,52
656,3,4,3,4,4,3,1,2,1,3,3,1,3,4,2,2,5,4,2,657,54
657,3,3,1,3,2,4,3,4,1,2,1,2,3,1,2,2,4,3,5,658,49
658,3,2,1,2,4,1,1,3,3,1,3,1,4,3,3,4,5,2,5,659,51
659,1,3,1,3,4,2,2,4,3,2,4,1,2,1,1,1,4,5,1,660,45
660,4,3,3,4,2,4,3,2,3,3,3,1,3,1,4,1,3,1,4,661,52
661,3,1,4,1,4,3,4,4,2,2,3,4,1,4,1,5,1,3,4,662,54
662,1,4,4,2,3,4,3,4,1,4,2,3,1,4,1,5,2,5,2,663,55
663,4,3,1,1,3,4,2,1,4,3,3,4,1,3,5,5,4,2,2,664,55
664,3,3,2,4,2,3,3,2,4,3,2,3,4,2,5,4,1,3,1,665,54
665,1,4,3,4,2,1,3,2,1,3,4,3,4,4,2,1,5,3,3,666,53
666,3,1,1,3,4,2,3,2,2,2,3,2,4,1,5,2,5,3,3,667,51
667,4,2,3,4,2,4,2,1,4,1,3,1,2,3,2,5,4,1,1,668,49
668,3,4,3,4,4,2,4,2,1,3,3,4,2,4,2,5,1,5,2,669,58
669,3,4,1,2,1,1,2,3,1,1,2,4,1,3,3,5,2,1,2,670,42
670,1,3,4,4,3,3,1,2,4,2,4,1,4,3,4,3,4,4,1,671,55
671,1,4,3,2,1,2,1,2,3,3,1,4,3,4,4,3,3,2,5,672,51
672,2,1,2,3,2,1,4,2,2,3,4,4,4,2,2,5,2,2,3,673,50
673,3,4,1,4,2,2,4,3,4,2,1,1,2,1,3,4,3,2,5,674,51
674,3,1,3,2,3,4,1,4,2,4,4,2,4,3,2,1,5,5,5,675,58
675,1,4,2,1,2,1,1,4,1,4,4,2,3,2,2,5,3,5,2,676,49
676,2,4,1,3,4,4,1,3,2,2,2,4,3,2,2,3,2,2,4,677,50
677,2,1,1,3,4,2,1,3,1,3,4,1,3,1,4,4,5,5,3,678,51
678,2,3,4,3,3,1,2,4,4,1,4,4,1,1,3,2,2,2,2,679,48
679,1,3,1,4,4,1,3,3,3,4,4,1,1,3,1,5,1,1,2,680,46
680,2,2,4,3,3,3,2,2,4,2,4,3,4,2,1,2,2,1,4,681,50
681,2,3,4,4,2,1,4,4,2,4,2,4,2,3,1,1,5,2,3,682,53
682,2,1,4,1,2,3,1,2,3,3,2,3,3,4,5,4,3,5,4,683,55
683,1,4,2,1,3,2,3,2,2,1,1,1,4,4,1,2,1,1,2,684,38
684,3,1,4,3,4,4,2,3,4,4,2,2,1,3,1,3,3,4,5,685,56
685,2,1,3,3,1,1,4,2,4,2,1,2,1,3,5,2,1,1,1,686,40
686,1,1,3,2,4,1,2,2,2,2,2,3,4,4,3,2,1,1,1,687,41
687,2,4,1,1,4,1,4,3,3,2,4,1,4,2,2,4,3,4,1,688,50
688,1,2,1,4,1,4,3,2,2,4,3,3,4,1,2,1,4,5,2,689,49
689,1,2,2,4,1,2,2,1,4,2,1,2,1,1,4,1,4,4,5,690,44
690,1,4,2,1,4,3,4,2,1,2,2,2,3,2,2,4,3,4,2,691,48
691,4,1,2,1,3,1,3,3,1,2,4,1,3,4,1,1,5,5,3,692,48
692,2,1,2,4,4,4,3,1,2,4,2,1,1,1,3,2,4,2,2,693,45
693,3,1,1,3,1,2,4,4,1,2,3,3,2,2,2,3,4,3,3,694,47
694,4,3,1,2,1,4,1,3,3,4,2,3,4,4,3,4,1,4,2,695,53
695,2,2,3,1,3,1,2,2,2,1,1,3,4,3,2,3,2,2,3,696,42
696,2,1,4,2,1,1,4,2,3,4,2,1,1,3,2,1,2,2,3,697,41
697,4,2,1,1,3,3,2,4,3,2,1,3,1,4,5,3,1,2,4,698,49
698,3,3,1,3,3,1,4,4,4,1,4,4,3,2,5,1,2,4,5,699,57
699,2,2,3,2,2,3,4,1,3,4,3,1,4,3,5,3,4,1,2,700,52
700,1,2,1,2,2,1,1,3,3,2,3,3,2,1,4,3,5,4,2,701,45
701,2,1,4,2,3,2,2,4,3,2,1,1,1,2,1,5,2,4,5,702,47
702,3,4,2,4,3,1,1,1,1,3,2,2,1,1,2,4,4,4,1,703,44
703,4,2,4,4,4,2,1,2,1,1,1,3,2,3,1,1,5,5,5,704,51
704,2,4,4,1,4,1,3,4,3,1,2,2,1,4,5,5,2,4,5,705,57
705,3,2,1,2,3,1,3,1,3,4,4,4,2,2,1,4,1,4,2,706,47
706,4,3,4,4,4,1,3,2,4,2,4,4,4,4,1,1,2,1,2,707,54
707,2,2,1,2,3,3,3,3,4,2,1,1,4,3,5,3,4,3,5,708,54
708,3,2,4,4,2,4,2,2,4,1,1,1,3,3,5,3,2,2,2,709,50
709,2,2,1,1,4,2,4,2,3,2,1,1,4,2,4,5,5,3,5,710,53
710,1,3,4,4,1,2,3,3,2,1,4,2,2,2,2,3,1,3,3,711,46
711,3,3,3,3,2,2,1,2,4,3,3,4,4,3,1,3,2,1,4,712,51
712,3,1,4,1,3,2,4,4,2,1,2,4,1,3,4,3,5,1,2,713,50
713,2,4,4,4,4,3,3,3,4,4,1,2,4,3,4,4,3,4,3,714,63
714,3,1,4,1,3,2,2,2,2,1,2,2,4,4,1,4,5,4,3,715,50
715,4,1,3,2,1,3,2,2,2,2,4,1,2,4,1,2,2,5,5,716,48
716,2,1,1,2,1,3,4,2,2,4,4,1,4,2,3,1,2,4,3,717,46
717,2,1,2,2,2,1,3,4,2,3,4,4,4,2,2,2,1,4,2,718,47
718,2,4,2,3,2,1,4,4,4,1,1,3,2,1,1,2,3,4,1,719,45
719,4,3,3,4,4,3,1,2,3,3,2,1,1,4,2,5,1,5,1,720,52
720,4,3,3,3,4,2,3,4,2,4,2,2,2,1,4,3,5,2,2,721,55
721,4,1,2,3,2,3,4,1,1,1,1,1,3,3,1,4,3,3,3,722,44
722,4,2,4,1,3,2,1,4,4,3,4,3,1,4,1,5,1,3,3,723,53
723,2,1,3,3,4,1,3,4,3,1,4,4,2,4,3,3,4,4,3,724,56
724,1,4,3,4,3,2,1,4,4,1,2,1,2,1,1,5,2,4,5,725,50
725,4,3,4,2,2,3,3,2,1,1,3,3,1,1,5,5,4,5,4,726,56
726,2,4,2,3,4,4,2,1,4,3,1,4,3,1,5,4,4,1,4,727,56
727,2,4,1,2,4,3,4,3,2,4,2,3,4,3,1,1,4,4,1,728,52
728,4,2,1,4,4,3,4,4,2,2,2,1,3,2,2,1,3,1,4,729,49
729,2,1,2,1,2,2,4,4,4,4,3,4,2,3,1,1,3,1,2,730,46
730,1,3,2,4,4,4,3,1,3,3,3,2,1,1,2,3,4,5,3,731,52
731,3,4,3,4,2,4,4,4,1,3,3,3,3,1,2,2,4,3,5,732,58
732,4,1,2,2,1,3,4,3,1,4,3,2,2,3,4,1,3,4,4,733,51
733,1,1,4,1,1,3,2,4,1,3,1,1,3,1,3,2,2,4,1,734,39
734,2,3,2,4,2,1,4,2,4,1,4,3,2,3,4,1,1,5,4,735,52
735,1,2,3,1,3,2,1,1,4,2,4,2,3,3,1,2,3,2,3,736,43
736,2,2,4,2,1,2,3,4,2,2,4,1,1,4,3,1,5,4,2,737,49
737,4,4,2,4,3,1,2,3,1,4,1,1,2,1,5,3,5,1,5,738,52
738,1,1,2,3,3,1,3,1,1,3,2,2,4,2,1,5,3,1,5,739,44
739,4,1,2,2,2,2,4,1,2,2,2,1,2,1,4,3,5,1,4,740,45
740,4,4,3,4,1,2,1,4,2,3,3,1,1,4,4,5,5,3,3,741,57
741,1,3,3,4,4,3,4,1,2,3,4,4,2,2,1,3,4,2,3,742,53
742,3,4,2,4,1,4,4,4,1,3,2,3,4,4,1,5,2,1,5,743,57
743,3,2,1,3,4,4,1,4,1,2,2,2,1,1,4,4,2,2,2,744,45
744,3,3,1,2,3,1,3,1,1,2,1,1,4,4,5,5,2,2,3,745,47
745,2,4,4,2,1,3,4,2,4,2,1,1,4,4,3,1,5,3,5,746,55
746,2,3,2,2,4,4,3,2,4,3,1,1,1,3,2,5,1,5,5,747,53
747,1,4,2,4,3,1,4,2,3,2,1,2,4,4,3,3,3,4,5,748,55
748,1,3,1,3,4,3,1,3,4,1,1,2,3,3,2,1,5,4,2,749,47
749,4,2,2,3,3,2,4,2,4,2,1,4,2,4,2,1,3,5,3,750,53
750,4,2,3,3,1,3,1,3,2,3,4,2,3,1,1,2,5,5,4,751,52
751,3,1,1,2,1,4,4,4,1,4,3,1,4,4,5,5,2,4,5,752,58
752,1,4,4,2,4,4,1,4,1,1,1,4,2,3,2,2,2,4,5,753,51
753,1,1,3,1,4,4,4,4,3,2,1,2,4,2,3,3,3,1,1,754,47
754,4,1,1,3,1,1,1,2,3,2,1,2,1,2,3,4,4,4,2,755,42
755,3,1,1,2,4,4,3,3,2,4,3,4,3,4,5,2,2,1,2,756,53
756,4,3,2,3,1,1,2,4,1,2,4,3,4,4,2,4,2,3,4,757,53
757,3,4,3,2,1,4,2,4,4,1,4,4,2,1,4,3,1,4,5,758,56
758,1,4,4,2,4,3,1,3,1,2,3,4,2,2,3,3,3,3,1,759,49
759,3,3,4,4,4,3,3,1,3,4,3,4,4,3,3,4,1,5,3,760,62
760,2,3,3,2,4,1,1,2,4,1,2,1,2,4,4,5,4,2,5,761,52
761,4,2,2,1,3,4,4,1,1,2,4,4,1,4,5,4,1,3,5,762,55
762,3,1,3,1,3,2,4,2,1,2,4,3,4,2,5,4,2,2,2,763,50
763,3,2,4,1,1,2,4,2,4,3,3,3,2,1,1,5,5,4,4,764,54
764,4,3,2,4,4,2,2,2,2,3,3,3,4,2,5,1,3,1,1,765,51
765,1,3,2,3,3,1,4,3,1,2,1,2,3,3,4,2,4,2,5,766,49
766,1,3,3,2,3,2,1,1,2,3,3,4,2,4,3,3,1,3,1,767,45
767,1,1,2,2,3,1,4,2,1,1,2,4,3,2,1,3,4,1,3,768,41
768,3,1,2,2,3,4,3,3,3,1,3,2,1,2,4,2,2,1,1,769,43
769,4,4,4,2,2,3,4,3,3,2,4,1,4,4,2,2,3,3,1,770,55
770,4,4,2,2,3,2,2,3,2,3,3,2,1,4,3,3,5,2,1,771,51
771,4,2,1,4,2,2,1,1,4,1,3,4,2,2,3,2,4,4,1,772,47
772,1,3,2,4,3,1,2,3,1,1,1,4,4,4,3,4,3,1,5,773,50
773,2,4,4,1,3,1,4,1,3,1,3,3,1,4,2,2,2,1,5,774,47
774,3,4,1,3,2,2,2,1,4,4,2,3,1,4,3,4,3,5,3,775,54
775,3,3,2,3,2,1,2,2,3,2,4,3,2,1,4,3,5,3,4,776,52
776,3,2,2,2,4,4,4,4,4,3,3,4,3,1,4,1,1,5,5,777,59
777,1,2,1,3,2,4,1,1,2,2,4,2,1,1,1,4,1,3,2,778,38
778,2,3,1,2,4,2,2,3,4,2,1,2,4,2,1,4,5,2,1,779,47
779,4,3,3,1,1,4,4,3,3,4,4,1,2,4,3,1,3,4,3,780,55
780,3,4,4,1,4,2,3,4,3,4,2,2,3,2,4,5,1,2,1,781,54
781,2,3,2,4,3,4,4,2,4,3,4,1,4,1,5,3,3,1,4,782,57
782,1,2,4,3,1,4,4,1,2,1,4,4,1,2,4,3,2,5,2,783,50
783,3,1,4,3,3,1,4,4,4,3,3,3,3,4,2,2,3,5,4,784,59
784,3,2,3,2,4,3,4,4,4,4,4,4,4,3,5,5,4,1,1,785,64
785,4,2,4,3,4,3,1,2,4,3,4,3,2,4,3,2,4,1,2,786,55
786,2,4,4,3,2,1,3,3,2,3,3,1,1,1,3,1,3,4,1,787,45
787,4,3,2,2,2,2,3,2,4,3,2,3,2,4,4,5,3,4,1,788,55
788,3,2,3,2,3,4,4,2,4,3,3,1,2,3,1,1,3,5,4,789,53
789,4,1,1,2,3,2,1,3,1,2,1,2,4,2,2,2,2,3,2,790,40
790,4,2,2,2,3,1,4,1,1,1,2,3,2,1,1,5,5,5,1,791,46
791,2,4,4,4,4,4,2,4,2,3,4,3,2,1,1,2,4,5,2,792,57
792,3,4,4,3,3,2,3,1,3,2,4,3,4,2,4,4,5,5,3,793,62
793,4,1,1,1,1,2,2,4,2,1,2,1,3,1,5,5,2,2,2,794,42
794,2,2,3,1,2,4,2,2,4,4,3,2,2,3,1,5,4,2,1,795,49
795,2,2,2,4,4,4,1,4,3,4,4,4,2,4,3,5,1,5,4,796,62
796,1,1,3,3,1,1,3,1,2,2,4,1,4,2,2,2,2,3,2,797,40
797,4,4,4,1,2,3,1,4,4,3,4,1,4,2,5,5,1,5,4,798,61
798,2,2,2,2,2,2,1,2,3,3,4,4,4,1,4,2,3,5,2,799,50
799,4,3,3,1,4,3,1,4,3,1,3,2,3,3,5,4,2,5,4,800,58
800,2,2,4,2,3,4,1,1,4,1,2,4,4,3,2,1,5,2,4,801,51
801,3,3,1,2,1,3,3,3,3,3,4,3,3,4,2,5,2,3,3,802,54
802,1,2,3,4,2,2,1,4,1,3,2,3,2,2,4,1,2,1,5,803,45
803,4,3,4,1,1,4,3,4,3,2,3,3,3,3,1,2,4,5,4,804,57
804,3,1,1,2,1,2,2,3,1,4,4,1,4,1,5,4,3,1,5,805,48
805,1,3,1,1,2,2,4,3,4,3,1,4,2,2,3,4,4,1,4,806,49
806,3,1,4,3,2,1,2,3,4,2,4,4,1,1,4,5,3,3,3,807,53
807,2,1,2,2,4,2,2,4,1,4,2,4,1,4,2,5,4,5,3,808,54
808,4,1,4,4,2,1,4,4,4,4,1,4,1,3,1,2,3,3,2,809,52
809,4,1,2,4,1,1,4,1,2,2,2,4,1,1,2,1,4,2,3,810,42
810,4,2,1,2,1,2,2,4,2,4,2,3,4,4,3,5,5,1,4,811,55
811,1,1,4,3,3,3,4,4,3,2,2,3,2,3,4,2,5,4,3,812,56
812,2,3,2,4,3,4,4,3,4,3,2,2,2,4,1,2,2,2,1,813,50
813,3,3,2,2,4,2,2,2,3,1,2,3,4,3,5,2,3,3,4,814,53
814,4,1,3,1,3,1,2,2,2,2,1,1,1,1,1,1,2,2,1,815,32
815,4,2,3,1,4,2,4,3,1,1,4,4,2,3,3,2,3,5,5,816,56
816,4,4,2,1,4,3,3,2,3,4,2,4,3,4,1,1,2,1,1,817,49
817,4,2,2,1,1,4,1,4,2,4,2,1,1,2,1,3,3,2,2,818,42
818,4,2,2,2,1,3,1,4,4,2,2,4,1,1,2,3,5,3,2,819,48
819,3,3,3,1,2,4,2,2,3,3,1,4,3,3,5,5,2,2,2,820,53
820,1,3,2,1,3,2,3,3,3,2,3,2,4,3,2,4,3,1,3,821,48
821,2,4,3,1,4,4,3,1,3,3,1,3,4,4,2,4,1,5,3,822,55
822,1,1,2,3,4,1,3,4,3,2,3,4,3,2,2,3,1,4,2,823,48
823,3,2,1,1,1,2,1,2,2,2,1,1,2,4,2,5,5,3,2,824,42
824,3,3,2,3,1,1,2,2,2,1,2,4,3,3,3,1,2,2,1,825,41
825,4,3,1,1,2,3,4,1,4,3,3,3,2,2,4,5,1,3,4,826,53
826,4,4,2,1,4,3,4,1,3,1,1,4,1,1,5,4,4,2,5,827,54
827,4,4,2,2,3,1,2,4,3,4,4,1,4,1,4,2,1,4,4,828,54
828,4,4,2,1,2,4,1,2,3,2,4,3,1,3,1,1,1,3,4,829,46
829,4,1,3,1,4,4,4,2,3,1,3,1,1,3,1,1,2,2,4,830,45
830,1,2,3,1,4,3,2,1,4,3,4,4,3,3,5,1,1,2,1,831,48
831,4,2,3,2,3,2,4,4,1,4,1,1,4,1,2,2,4,3,3,832,50
832,1,1,3,4,3,4,3,2,1,2,3,2,4,2,3,1,4,2,5,833,50
833,1,4,4,1,4,3,4,4,2,1,3,3,2,2,1,3,1,2,1,834,46
834,1,1,3,2,2,1,2,4,2,1,1,4,1,1,2,4,1,4,2,835,39
835,3,2,2,1,1,3,4,3,1,4,2,1,1,2,1,5,5,1,2,836,44
836,2,1,4,4,1,1,4,2,1,1,3,3,3,1,2,3,1,5,2,837,44
837,1,4,2,2,4,4,2,1,2,1,3,2,2,3,1,5,3,2,3,838,47
838,2,4,4,2,2,4,1,2,4,3,2,3,3,3,4,2,3,3,4,839,55
839,2,3,4,3,4,3,1,1,2,2,4,2,1,1,4,3,3,4,5,840,52
840,3,2,3,1,2,2,3,3,4,3,2,2,1,2,4,4,5,5,4,841,55
841,1,1,4,3,1,4,2,2,3,1,4,3,3,3,2,4,1,5,1,842,48
842,2,3,3,4,1,3,2,1,1,3,4,4,2,2,5,3,1,1,4,843,49
843,2,1,1,3,3,3,1,3,3,3,4,1,3,4,3,3,1,3,2,844,47
844,1,2,1,1,4,2,1,1,3,4,1,3,4,1,5,5,1,4,5,845,49
845,2,2,1,4,4,3,4,3,4,3,4,1,1,4,3,5,5,5,2,846,60
846,2,4,3,3,2,4,3,2,3,4,4,3,2,2,1,5,4,2,2,847,55
847,4,3,2,1,1,3,3,3,4,3,4,1,3,2,2,3,5,3,3,848,53
848,4,3,1,1,1,3,3,1,3,3,1,2,4,3,5,5,4,4,3,849,54
849,2,3,1,2,2,3,4,2,1,2,3,1,2,3,5,5,3,2,2,850,48
850,1,2,4,4,2,2,1,3,3,3,2,4,4,2,3,3,2,2,1,851,48
851,4,3,3,1,2,2,3,3,4,3,3,4,4,4,1,2,5,4,5,852,60
852,2,3,2,1,2,2,3,1,1,3,4,1,1,3,5,4,2,3,3,853,46
853,3,1,1,2,3,1,2,4,1,2,2,4,3,3,5,3,2,4,3,854,49
854,1,4,4,1,3,2,1,3,4,3,3,2,3,1,1,3,4,5,2,855,50
855,2,3,4,1,3,1,2,4,2,3,4,4,2,3,2,2,3,1,2,856,48
856,2,1,4,1,2,4,2,4,4,3,3,3,1,2,3,2,3,5,1,857,50
857,2,2,4,4,3,1,3,2,3,4,1,2,2,4,1,5,3,1,1,858,48
858,1,3,3,4,4,3,2,4,4,4,4,1,4,3,3,3,3,1,5,859,59
859,3,1,2,1,3,3,4,1,1,2,1,2,1,2,2,2,4,2,5,860,42
860,3,1,4,4,2,4,1,4,2,1,3,4,4,2,3,4,2,2,1,861,51
861,4,1,3,3,3,4,3,2,1,2,2,4,3,3,4,1,4,2,5,862,54
862,1,1,1,1,3,4,4,4,1,3,3,2,4,1,1,5,1,4,5,863,49
863,3,1,2,2,1,2,3,2,1,4,2,3,4,3,3,5,3,2,4,864,50
864,2,2,4,3,2,3,3,1,3,3,3,3,1,4,3,3,4,4,2,865,53
865,2,1,1,2,3,2,1,1,3,3,1,3,2,3,5,3,1,4,2,866,43
866,3,3,4,1,3,4,1,3,4,1,1,4,3,3,4,3,5,1,5,867,56
867,3,2,2,1,2,3,4,1,3,4,2,4,4,3,3,5,1,4,2,868,53
868,4,2,1,2,3,3,2,1,2,4,2,3,4,4,1,3,2,5,2,869,50
869,3,2,1,4,4,2,4,4,3,1,1,4,3,2,5,2,2,4,2,870,53
870,3,4,2,1,2,3,1,4,2,2,3,1,3,2,3,4,4,4,5,871,53
871,2,1,3,3,4,4,3,1,4,4,1,2,4,4,1,4,3,1,2,872,51
872,1,2,2,3,3,2,1,2,3,3,2,4,1,4,5,2,3,4,5,873,52
873,2,3,1,3,4,1,3,3,3,2,2,2,1,4,4,4,3,1,5,874,51
874,4,1,1,1,4,2,1,3,3,3,2,4,4,4,4,3,3,1,4,875,52
875,4,2,3,1,4,3,2,4,4,2,2,2,2,1,1,3,4,2,3,876,49
876,2,3,1,1,2,2,4,4,2,3,4,2,1,2,5,5,4,4,4,877,55
877,2,1,2,3,2,2,2,2,2,4,3,1,4,1,2,3,4,5,3,878,48
878,2,4,1,1,2,3,2,2,1,1,4,3,4,3,3,3,4,1,2,879,46
879,1,2,2,4,2,2,2,2,4,2,1,4,2,4,3,1,2,2,3,880,45
880,3,2,4,4,3,3,2,4,2,3,2,1,3,3,2,3,1,2,2,881,49
881,2,2,3,4,4,1,4,3,4,4,3,1,2,1,4,1,1,4,1,882,49
882,3,3,1,4,1,1,4,4,1,4,2,4,3,2,3,3,4,1,1,883,49
883,1,1,4,4,1,1,1,3,2,2,1,3,2,3,2,3,4,1,2,884,41
884,4,3,2,1,2,3,4,3,2,3,3,2,1,3,2,3,4,5,1,885,51
885,1,1,2,4,3,3,2,3,4,2,4,2,2,3,3,5,3,3,5,886,55
886,1,2,2,2,3,4,4,4,4,1,2,4,1,3,4,1,2,1,4,887,49
887,2,4,3,2,1,2,1,3,4,1,4,3,2,3,2,1,4,5,1,888,48
888,2,4,4,1,1,1,2,2,3,1,3,1,2,1,2,2,2,4,4,889,42
889,2,4,1,3,1,1,3,2,3,4,4,3,2,3,5,1,3,3,1,890,49
890,3,1,2,1,3,3,1,4,2,1,1,4,4,4,4,5,2,3,4,891,52
891,2,4,3,1,4,3,4,4,3,2,4,2,1,2,1,3,3,4,3,892,53
892,4,3,4,2,1,2,4,4,4,2,4,3,4,3,1,1,4,3,4,893,57
893,1,3,1,3,2,4,4,1,4,4,4,1,3,4,5,4,2,4,4,894,58
894,4,4,3,2,3,4,1,2,4,1,3,4,3,4,4,4,4,4,3,895,61
895,2,1,3,1,1,2,1,4,3,3,2,3,4,3,3,3,3,2,1,896,45
896,2,3,2,3,3,4,4,2,2,2,3,1,1,4,2,1,3,2,5,897,49
897,3,1,1,3,4,3,4,2,4,1,4,1,4,1,3,3,2,4,1,898,49
898,2,2,2,2,4,1,3,1,2,2,2,3,1,3,4,5,2,1,1,899,43
899,4,3,2,1,4,2,2,2,2,3,2,2,2,2,4,4,2,3,5,900,51
900,3,1,2,3,3,4,4,4,4,4,2,3,3,3,4,1,5,1,4,901,58
901,2,2,1,4,4,2,2,3,2,4,1,4,2,2,5,1,3,2,3,902,49
902,1,3,2,3,4,1,4,1,3,4,1,2,1,4,5,4,3,2,3,903,51
903,4,1,2,2,2,2,1,3,1,3,2,3,2,2,1,2,5,2,5,904,45
904,2,4,3,1,1,3,3,2,3,3,2,4,4,1,5,5,3,5,1,905,55
905,3,3,4,1,1,4,1,1,4,4,3,1,1,1,3,1,3,2,2,906,43
906,4,4,3,4,1,4,4,4,3,1,3,4,4,2,1,5,5,3,4,907,63
907,4,1,4,3,4,1,3,2,3,2,1,1,1,4,3,5,5,4,4,908,55
908,3,2,1,2,3,1,1,1,1,3,3,2,3,3,5,2,3,4,1,909,44
909,1,4,1,3,4,4,2,4,1,4,1,4,3,3,1,3,2,5,2,910,52
910,2,1,2,1,1,4,4,1,3,1,4,3,2,3,3,2,5,3,5,911,50
911,4,2,1,2,3,3,1,2,1,1,4,4,4,1,5,2,5,3,1,912,49
912,2,4,4,4,1,4,3,1,2,4,3,4,4,3,3,4,1,1,1,913,53
913,3,3,4,4,4,4,2,3,4,3,1,4,2,3,1,2,2,2,5,914,56
914,3,4,1,2,3,1,4,3,1,2,3,2,3,3,3,1,4,5,4,915,52
915,2,4,2,3,1,1,1,3,1,4,2,1,1,2,5,2,3,3,3,916,44
916,4,3,2,2,3,4,2,3,3,4,4,1,4,3,2,1,1,1,1,917,48
917,4,1,1,3,4,3,3,3,4,1,3,3,3,4,4,4,2,1,4,918,55
918,2,4,2,1,1,2,4,1,3,1,2,1,3,3,1,4,2,3,5,919,45
919,3,1,2,2,2,2,4,1,2,1,1,4,4,4,4,4,1,2,2,920,46
920,4,4,3,2,2,1,1,1,3,4,1,4,2,1,2,2,1,2,2,921,42
921,1,4,1,3,1,1,4,2,2,2,2,3,1,3,4,1,3,1,4,922,43
922,1,4,4,3,2,2,4,1,3,3,1,3,3,4,4,3,4,2,4,923,55
923,2,1,1,1,3,1,4,4,2,3,3,3,2,1,1,2,5,4,3,924,46
924,3,1,2,1,3,3,4,4,2,4,1,3,3,1,2,4,1,4,5,925,51
925,4,2,2,1,4,2,3,1,2,3,4,4,1,3,4,5,4,5,3,926,57
926,2,2,2,2,3,3,3,3,1,4,4,4,1,2,4,1,4,3,4,927,52
927,1,3,4,4,4,3,2,3,2,2,2,3,2,3,4,2,1,5,2,928,52
928,4,3,4,3,3,2,4,2,4,2,4,2,3,2,5,4,2,2,2,929,57
929,2,4,4,3,3,1,3,2,2,4,2,2,2,3,2,1,5,4,3,930,52
930,1,2,4,1,4,3,1,1,1,1,2,2,2,2,1,4,2,4,1,931,39
931,1,1,1,3,1,2,4,3,2,4,3,4,4,2,1,5,5,1,1,932,48
932,2,1,3,1,4,3,1,3,4,2,4,3,3,2,2,4,1,1,1,933,45
933,2,4,3,1,4,2,1,4,1,1,4,3,3,3,4,2,3,4,5,934,54
934,1,4,2,4,2,2,2,4,2,4,2,3,1,4,3,2,2,1,3,935,48
935,1,1,3,1,4,4,1,1,3,4,2,2,4,4,2,3,2,3,3,936,48
936,1,1,1,3,3,4,3,3,2,3,3,2,2,4,5,1,2,3,3,937,49
937,2,3,2,1,4,1,3,3,2,2,4,1,2,1,2,5,5,4,1,938,48
938,1,2,4,2,1,1,1,3,3,1,1,1,3,4,5,2,2,4,4,939,45
939,1,2,2,3,2,4,2,1,2,1,3,4,1,4,1,3,5,2,2,940,45
940,2,3,4,1,1,4,4,2,2,1,1,2,1,3,4,5,2,1,2,941,45
941,3,4,2,2,3,1,2,3,1,4,2,3,2,2,5,4,1,1,4,942,49
942,2,3,3,1,4,1,2,4,3,3,1,2,1,2,2,3,3,5,3,943,48
943,1,2,3,3,2,3,2,2,4,4,1,2,2,4,1,4,3,5,3,944,51
944,1,3,3,4,1,2,3,3,4,2,4,4,3,3,1,4,3,5,4,945,57
945,3,4,3,1,2,2,1,4,3,4,2,3,3,1,2,2,5,3,1,946,49
946,3,4,1,1,1,3,3,3,3,2,1,2,4,1,5,5,2,3,2,947,49
947,4,4,4,2,3,2,2,1,4,1,3,3,1,2,2,2,2,4,3,948,49
948,4,4,4,1,2,4,3,4,4,4,3,1,2,3,4,4,1,3,2,949,57
949,1,1,3,1,2,1,2,2,4,3,1,2,4,2,5,4,5,4,2,950,49
950,2,4,4,1,3,2,3,1,3,4,1,1,4,1,4,3,3,2,3,951,49
951,2,2,4,4,1,1,2,1,3,2,4,1,3,2,3,5,2,2,2,952,46
952,2,1,3,4,3,4,1,2,1,3,3,2,1,1,4,3,5,4,5,953,52
953,1,3,4,2,2,3,4,1,3,1,3,4,2,3,1,5,4,3,2,954,51
954,4,1,2,3,3,1,4,4,1,2,3,1,3,4,3,3,1,2,1,955,46
955,1,2,2,2,2,3,3,1,4,1,2,1,3,1,4,5,4,2,2,956,45
956,4,1,3,4,2,1,2,4,3,1,4,3,3,3,4,5,4,3,3,957,57
957,2,1,2,2,4,3,2,2,4,3,4,1,1,3,2,2,1,3,1,958,43
958,3,4,3,2,2,1,2,1,3,3,2,2,4,3,4,4,3,5,5,959,56
959,2,2,4,4,3,1,3,2,1,3,4,4,2,1,5,3,1,5,4,960,54
960,3,3,3,4,1,3,2,3,2,2,3,1,3,4,1,4,5,5,3,961,55
961,3,3,3,2,1,1,3,2,3,3,3,1,3,1,3,4,2,2,2,962,45
962,4,1,1,1,2,3,4,3,3,4,4,4,4,4,2,4,2,2,5,963,57
963,2,3,2,3,1,3,4,4,4,1,1,2,1,1,4,4,4,2,2,964,48
964,4,1,1,4,2,3,2,1,1,1,1,1,1,4,5,3,5,4,1,965,45
965,4,2,4,2,2,1,4,4,1,2,4,1,1,3,4,2,1,4,2,966,48
966,1,1,3,2,4,3,3,2,1,2,4,1,3,3,4,1,3,1,2,967,44
967,3,2,2,4,1,4,3,4,1,2,1,4,3,1,5,2,4,2,5,968,53
968,4,4,1,2,1,3,2,2,2,3,1,4,1,4,1,1,4,1,2,969,43
969,1,1,4,2,1,4,4,4,2,4,4,2,3,2,4,2,3,3,4,970,54
970,3,1,1,2,4,2,3,4,1,1,1,1,2,4,3,1,5,4,4,971,47
971,2,1,1,2,2,1,2,4,1,1,2,4,4,3,5,2,2,5,3,972,47
972,3,2,4,4,1,2,1,2,4,4,3,4,1,4,4,1,4,1,3,973,52
973,3,1,1,1,1,4,2,4,3,2,1,1,2,1,4,3,1,1,2,974,38
974,3,4,3,4,1,2,4,1,2,1,2,4,1,4,1,5,2,3,1,975,48
975,1,3,4,4,3,1,2,1,4,2,3,2,2,2,1,2,1,4,5,976,47
976,3,2,2,3,2,4,2,3,3,4,2,1,2,2,4,3,1,1,1,977,45
977,4,2,1,4,4,3,3,1,3,4,1,2,3,2,5,1,1,1,5,978,50
978,4,3,3,3,2,3,1,1,3,3,1,3,1,4,4,3,3,2,5,979,52
979,1,3,2,3,4,3,4,2,3,1,3,2,3,4,2,3,5,2,4,980,54
980,1,1,2,1,2,2,3,4,1,2,2,3,2,1,5,4,2,5,5,981,48
981,4,1,2,4,1,4,2,1,4,4,3,4,4,3,3,1,3,1,1,982,50
982,1,1,2,3,1,2,1,4,4,1,2,3,1,1,1,5,4,1,1,983,39
983,1,1,3,1,4,4,1,2,1,1,4,2,3,4,1,1,2,2,3,984,41
984,2,2,4,1,1,1,4,3,1,4,3,3,4,2,4,5,5,5,5,985,59
985,2,3,4,2,2,2,3,1,2,1,3,2,4,3,3,3,3,1,1,986,45
986,2,4,1,2,4,3,2,1,4,2,2,1,1,4,2,3,4,4,4,987,50
987,1,2,1,3,3,3,4,3,1,1,2,3,1,1,5,1,3,5,5,988,48
988,3,3,1,4,1,3,1,3,3,1,1,4,2,1,3,4,3,5,3,989,49
989,2,1,2,1,1,2,1,1,4,4,3,4,3,4,5,5,5,3,3,990,54
990,3,2,3,4,2,3,3,1,4,2,2,3,4,1,4,2,1,3,3,991,50
991,2,1,3,1,1,3,4,4,1,4,4,4,2,3,5,1,3,4,5,992,55
992,4,4,2,1,1,2,2,2,4,2,2,4,4,1,3,4,4,2,5,993,53
993,4,3,3,1,3,3,1,4,4,3,3,2,3,3,5,4,4,4,3,994,60
994,1,2,1,2,2,1,1,2,3,4,4,2,4,2,3,1,2,4,4,995,45
995,4,3,3,1,1,3,3,1,3,1,4,3,4,4,5,2,2,1,4,996,52
996,4,1,3,2,2,1,2,2,3,3,2,1,2,3,3,3,1,1,5,997,44
997,1,2,2,3,4,4,2,2,4,3,1,3,4,3,4,1,5,5,3,998,56
998,4,2,3,4,1,4,2,3,2,2,4,2,1,2,1,3,1,1,1,999,43
999,1,3,1,2,4,2,2,4,4,3,4,1,2,2,1,2,3,2,4,1000,47
